Date,Ground / Location,Match Number,Team A,Team B,winner,Wins By Runs,Wins By Wickets,Season
2019-03-23,Chennai,1st Match, Chennai Super Kings , Royal Challengers Bangalore,Chennai Super Kings,0,7,2019
2019-03-24,Kolkata,2nd Match, Kolkata Knight Riders , Sunrisers Hyderabad,Kolkata Knight Riders,0,6,2019
2019-03-24,Mumbai,3rd Match, Mumbai Indians , Delhi Capitals,Delhi Capitals,37,0,2019
2019-03-25,Jaipur,4th Match, Rajasthan Royals , Kings XI Punjab,Kings XI Punjab,14,0,2019
2019-03-26,Delhi,5th Match, Delhi Capitals , Chennai Super Kings,Chennai Super Kings,0,6,2019
2019-03-27,Kolkata,6th Match, Kolkata Knight Riders , Kings XI Punjab,Kolkata Knight Riders,28,0,2019
2019-03-28,"Bengaluru, Bangalore",7th Match, Royal Challengers Bangalore , Mumbai Indians,Mumbai Indians,6,0,2019
2019-03-29,Hyderabad,8th Match, Sunrisers Hyderabad , Rajasthan Royals,Sunrisers Hyderabad,0,5,2019
2019-03-30,Delhi,10th Match, Delhi Capitals , Kolkata Knight Riders,Delhi Capitals,0,0,2019
2019-03-30,"Mohali, Chandigarh",9th Match, Kings XI Punjab , Mumbai Indians,Kings XI Punjab,0,8,2019
2019-03-31,Hyderabad,11th Match, Sunrisers Hyderabad , Royal Challengers Bangalore,Sunrisers Hyderabad,118,0,2019
2019-03-31,Chennai,12th Match, Chennai Super Kings , Rajasthan Royals,Chennai Super Kings,8,0,2019
2019-01-04,"Mohali, Chandigarh",13th Match, Kings XI Punjab , Delhi Capitals,Kings XI Punjab,14,0,2019
2019-02-04,Jaipur,14th Match, Rajasthan Royals , Royal Challengers Bangalore,Rajasthan Royals,0,7,2019
2019-03-04,Mumbai,15th Match, Mumbai Indians , Chennai Super Kings,Mumbai Indians,37,0,2019
2019-04-04,Delhi,16th Match, Delhi Capitals , Sunrisers Hyderabad,Sunrisers Hyderabad,0,5,2019
2019-05-04,"Bengaluru, Bangalore",17th Match, Royal Challengers Bangalore , Kolkata Knight Riders,Kolkata Knight Riders,0,5,2019
2019-06-04,Chennai,18th Match, Chennai Super Kings , Kings XI Punjab,Chennai Super Kings,22,0,2019
2019-06-04,Hyderabad,19th Match, Sunrisers Hyderabad , Mumbai Indians,Mumbai Indians,40,0,2019
2019-07-04,"Bengaluru, Bangalore",20th Match, Royal Challengers Bangalore , Delhi Capitals,Delhi Capitals,0,4,2019
2019-07-04,Jaipur,21st Match, Rajasthan Royals , Kolkata Knight Riders,Kolkata Knight Riders,0,8,2019
2019-08-04,"Mohali, Chandigarh",22nd Match, Kings XI Punjab , Sunrisers Hyderabad,Kings XI Punjab,0,6,2019
2019-09-04,Chennai,23rd Match, Chennai Super Kings , Kolkata Knight Riders,Chennai Super Kings,0,7,2019
2019-10-04,Mumbai,24th Match, Mumbai Indians , Kings XI Punjab,Mumbai Indians,0,3,2019
2019-11-04,Jaipur,25th Match, Rajasthan Royals , Chennai Super Kings,Chennai Super Kings,0,4,2019
2019-12-04,Kolkata,26th Match, Kolkata Knight Riders , Delhi Capitals,Delhi Capitals,0,7,2019
2019-04-13,Mumbai,27th Match, Mumbai Indians , Rajasthan Royals,Rajasthan Royals,0,4,2019
2019-04-13,"Mohali, Chandigarh",28th Match, Kings XI Punjab , Royal Challengers Bangalore,Royal Challengers Bangalore,0,8,2019
2019-04-14,Kolkata,29th Match, Kolkata Knight Riders , Chennai Super Kings,Chennai Super Kings,0,5,2019
2019-04-14,Hyderabad,30th Match, Sunrisers Hyderabad , Delhi Capitals,Delhi Capitals,39,0,2019
2019-04-15,Mumbai,31st Match, Mumbai Indians , Royal Challengers Bangalore,Mumbai Indians,0,5,2019
2019-04-16,"Mohali, Chandigarh",32nd Match, Kings XI Punjab , Rajasthan Royals,Kings XI Punjab,12,0,2019
2019-04-17,Hyderabad,33rd Match, Sunrisers Hyderabad , Chennai Super Kings,Sunrisers Hyderabad,0,6,2019
2019-04-18,Delhi,34th Match, Delhi Capitals , Mumbai Indians,Mumbai Indians,40,0,2019
2019-04-19,Kolkata,35th Match, Kolkata Knight Riders , Royal Challengers Bangalore,Royal Challengers Bangalore,10,0,2019
2019-04-20,Jaipur,36th Match, Rajasthan Royals , Mumbai Indians,Rajasthan Royals,0,5,2019
2019-04-20,Delhi,37th Match, Delhi Capitals , Kings XI Punjab,Delhi Capitals,0,5,2019
2019-04-21,Hyderabad,38th Match, Sunrisers Hyderabad , Kolkata Knight Riders,Sunrisers Hyderabad,0,9,2019
2019-04-21,"Bengaluru, Bangalore",39th Match, Royal Challengers Bangalore , Chennai Super Kings,Royal Challengers Bangalore,1,0,2019
2019-04-22,Jaipur,40th Match, Rajasthan Royals , Delhi Capitals,Delhi Capitals,0,6,2019
2019-04-23,Chennai,41st Match, Chennai Super Kings , Sunrisers Hyderabad,Chennai Super Kings,0,6,2019
2019-04-24,"Bengaluru, Bangalore",42nd Match, Royal Challengers Bangalore , Kings XI Punjab,Royal Challengers Bangalore,17,0,2019
2019-04-25,Kolkata,43rd Match, Kolkata Knight Riders , Rajasthan Royals,Rajasthan Royals,0,3,2019
2019-04-26,Chennai,44th Match, Chennai Super Kings , Mumbai Indians,Mumbai Indians,46,0,2019
2019-04-27,Jaipur,45th Match, Rajasthan Royals , Sunrisers Hyderabad,Rajasthan Royals,0,7,2019
2019-04-28,Delhi,46th Match, Delhi Capitals , Royal Challengers Bangalore,Delhi Capitals,16,0,2019
2019-04-28,Kolkata,47th Match, Kolkata Knight Riders , Mumbai Indians,Kolkata Knight Riders,34,0,2019
2019-04-29,Hyderabad,48th Match, Sunrisers Hyderabad , Kings XI Punjab,Sunrisers Hyderabad,45,0,2019
2019-04-30,"Bengaluru, Bangalore",49th Match, Royal Challengers Bangalore , Rajasthan Royals,No result,0,0,2019
2019-01-05,Chennai,50th Match, Chennai Super Kings , Delhi Capitals,Chennai Super Kings,80,0,2019
2019-02-05,Mumbai,51st Match, Mumbai Indians , Sunrisers Hyderabad,Mumbai Indians,0,0,2019
2019-03-05,"Mohali, Chandigarh",52nd Match, Kings XI Punjab , Kolkata Knight Riders,Kolkata Knight Riders,0,7,2019
2019-04-05,Delhi,53rd Match, Delhi Capitals , Rajasthan Royals,Delhi Capitals,0,5,2019
2019-04-05,"Bengaluru, Bangalore",54th Match, Royal Challengers Bangalore , Sunrisers Hyderabad,Royal Challengers Bangalore,0,4,2019
2019-05-05,"Mohali, Chandigarh",55th Match, Kings XI Punjab , Chennai Super Kings,Kings XI Punjab,0,6,2019
2019-05-05,Mumbai,56th Match, Mumbai Indians , Kolkata Knight Riders,Mumbai Indians,0,9,2019
2019-07-05,Chennai,1st Qualifying Final, Chennai Super Kings , Mumbai Indians,Mumbai Indians,0,6,2019
2019-08-05,Visakhapatnam,Elimination Final, Delhi Capitals , Sunrisers Hyderabad,Delhi Capitals,0,2,2019
2019-10-05,Visakhapatnam,2nd Qualifying Final, Chennai Super Kings , Delhi Capitals,Chennai Super Kings,0,6,2019
2019-12-05,Hyderabad,Final, Chennai Super Kings , Mumbai Indians,Mumbai Indians,1,0,2019
2018-07-04,Mumbai,1st Match, Mumbai Indians , Chennai Super Kings,Chennai Super Kings,0,1,2018
2018-08-04,"Mohali, Chandigarh",2nd Match, Kings XI Punjab , Delhi Capitals,Kings XI Punjab,0,6,2018
2018-08-04,Kolkata,3rd Match, Kolkata Knight Riders , Royal Challengers Bangalore,Kolkata Knight Riders,0,4,2018
2018-09-04,Hyderabad,4th Match, Sunrisers Hyderabad , Rajasthan Royals,Sunrisers Hyderabad,0,9,2018
2018-10-04,Chennai,5th Match, Chennai Super Kings , Kolkata Knight Riders,Chennai Super Kings,0,5,2018
2018-11-04,Jaipur,6th Match, Rajasthan Royals , Delhi Capitals,Rajasthan Royals,10,0,2018
2018-12-04,Hyderabad,7th Match, Mumbai Indians , Sunrisers Hyderabad,Sunrisers Hyderabad,0,1,2018
2018-04-13,"Bengaluru, Bangalore",8th Match, Kings XI Punjab , Royal Challengers Bangalore,Royal Challengers Bangalore,0,4,2018
2018-04-14,Kolkata,10th Match, Kolkata Knight Riders , Sunrisers Hyderabad,Sunrisers Hyderabad,0,5,2018
2018-04-14,Mumbai,9th Match, Mumbai Indians , Delhi Capitals,Delhi Capitals,0,7,2018
2018-04-15,"Bengaluru, Bangalore",11th Match, Royal Challengers Bangalore , Rajasthan Royals,Rajasthan Royals,19,0,2018
2018-04-15,"Mohali, Chandigarh",12th Match, Kings XI Punjab , Chennai Super Kings,Kings XI Punjab,4,0,2018
2018-04-16,Kolkata,13th Match, Kolkata Knight Riders , Delhi Capitals,Kolkata Knight Riders,71,0,2018
2018-04-17,Mumbai,14th Match, Mumbai Indians , Royal Challengers Bangalore,Mumbai Indians,46,0,2018
2018-04-18,Jaipur,15th Match, Rajasthan Royals , Kolkata Knight Riders,Kolkata Knight Riders,0,7,2018
2018-04-19,"Mohali, Chandigarh",16th Match, Kings XI Punjab , Sunrisers Hyderabad,Kings XI Punjab,15,0,2018
2018-04-20,Pune,17th Match, Rajasthan Royals , Chennai Super Kings,Chennai Super Kings,64,0,2018
2018-04-21,Kolkata,18th Match, Kolkata Knight Riders , Kings XI Punjab,Kings XI Punjab,0,9,2018
2018-04-21,"Bengaluru, Bangalore",19th Match, Royal Challengers Bangalore , Delhi Capitals,Royal Challengers Bangalore,0,6,2018
2018-04-22,Hyderabad,20th Match, Sunrisers Hyderabad , Chennai Super Kings,Chennai Super Kings,4,0,2018
2018-04-22,Jaipur,21st Match, Rajasthan Royals , Mumbai Indians,Rajasthan Royals,0,3,2018
2018-04-23,Delhi,22nd Match, Delhi Capitals , Kings XI Punjab,Kings XI Punjab,4,0,2018
2018-04-24,Mumbai,23rd Match, Mumbai Indians , Sunrisers Hyderabad,Sunrisers Hyderabad,31,0,2018
2018-04-25,"Bengaluru, Bangalore",24th Match, Royal Challengers Bangalore , Chennai Super Kings,Chennai Super Kings,0,5,2018
2018-04-26,Hyderabad,25th Match, Sunrisers Hyderabad , Kings XI Punjab,Sunrisers Hyderabad,13,0,2018
2018-04-27,Delhi,26th Match, Delhi Capitals , Kolkata Knight Riders,Delhi Capitals,55,0,2018
2018-04-28,Pune,27th Match, Chennai Super Kings , Mumbai Indians,Mumbai Indians,0,8,2018
2018-04-29,Jaipur,28th Match, Rajasthan Royals , Sunrisers Hyderabad,Sunrisers Hyderabad,11,0,2018
2018-04-29,"Bengaluru, Bangalore",29th Match, Royal Challengers Bangalore , Kolkata Knight Riders,Kolkata Knight Riders,0,6,2018
2018-04-30,Pune,30th Match, Chennai Super Kings , Delhi Capitals,Chennai Super Kings,13,0,2018
2018-01-05,"Bengaluru, Bangalore",31st Match, Royal Challengers Bangalore , Mumbai Indians,Royal Challengers Bangalore,14,0,2018
2018-02-05,Delhi,32nd Match, Delhi Capitals , Rajasthan Royals,Delhi Capitals,4,0,2018
2018-03-05,Kolkata,33rd Match, Kolkata Knight Riders , Chennai Super Kings,Kolkata Knight Riders,0,6,2018
2018-04-05,Indore,34th Match, Kings XI Punjab , Mumbai Indians,Mumbai Indians,0,6,2018
2018-05-05,Pune,35th Match, Chennai Super Kings , Royal Challengers Bangalore,Chennai Super Kings,0,6,2018
2018-05-05,Hyderabad,36th Match, Sunrisers Hyderabad , Delhi Capitals,Sunrisers Hyderabad,0,7,2018
2018-06-05,Mumbai,37th Match, Mumbai Indians , Kolkata Knight Riders,Mumbai Indians,13,0,2018
2018-06-05,Indore,38th Match, Kings XI Punjab , Rajasthan Royals,Kings XI Punjab,0,6,2018
2018-07-05,Hyderabad,39th Match, Sunrisers Hyderabad , Royal Challengers Bangalore,Sunrisers Hyderabad,5,0,2018
2018-08-05,Jaipur,40th Match, Rajasthan Royals , Kings XI Punjab,Rajasthan Royals,15,0,2018
2018-09-05,Kolkata,41st Match, Kolkata Knight Riders , Mumbai Indians,Mumbai Indians,102,0,2018
2018-10-05,Delhi,42nd Match, Delhi Capitals , Sunrisers Hyderabad,Sunrisers Hyderabad,0,9,2018
2018-11-05,Jaipur,43rd Match, Rajasthan Royals , Chennai Super Kings,Rajasthan Royals,0,4,2018
2018-12-05,Indore,44th Match, Kings XI Punjab , Kolkata Knight Riders,Kolkata Knight Riders,31,0,2018
2018-12-05,Delhi,45th Match, Delhi Capitals , Royal Challengers Bangalore,Royal Challengers Bangalore,0,5,2018
2018-05-13,Pune,46th Match, Chennai Super Kings , Sunrisers Hyderabad,Chennai Super Kings,0,8,2018
2018-05-13,Mumbai,47th Match, Mumbai Indians , Rajasthan Royals,Rajasthan Royals,0,7,2018
2018-05-14,Indore,48th Match, Kings XI Punjab , Royal Challengers Bangalore,Royal Challengers Bangalore,0,10,2018
2018-05-15,Kolkata,49th Match, Kolkata Knight Riders , Rajasthan Royals,Kolkata Knight Riders,0,6,2018
2018-05-16,Mumbai,50th Match, Mumbai Indians , Kings XI Punjab,Mumbai Indians,3,0,2018
2018-05-17,"Bengaluru, Bangalore",51st Match, Royal Challengers Bangalore , Sunrisers Hyderabad,Royal Challengers Bangalore,14,0,2018
2018-05-18,Delhi,52nd Match, Delhi Capitals , Chennai Super Kings,Delhi Capitals,34,0,2018
2018-05-18,Jaipur,53rd Match, Rajasthan Royals , Royal Challengers Bangalore,Rajasthan Royals,30,0,2018
2018-05-19,Hyderabad,54th Match, Sunrisers Hyderabad , Kolkata Knight Riders,Kolkata Knight Riders,0,5,2018
2018-05-20,Delhi,55th Match, Delhi Capitals , Mumbai Indians,Delhi Capitals,11,0,2018
2018-05-20,Pune,56th Match, Chennai Super Kings , Kings XI Punjab,Chennai Super Kings,0,5,2018
2018-05-22,Mumbai,1st Qualifying Final, Chennai Super Kings , Sunrisers Hyderabad,Chennai Super Kings,0,2,2018
2018-05-23,Kolkata,1st Elimination Final, Kolkata Knight Riders , Rajasthan Royals,Kolkata Knight Riders,25,0,2018
2018-05-25,Kolkata,2nd Qualifying Final, Kolkata Knight Riders , Sunrisers Hyderabad,Sunrisers Hyderabad,14,0,2018
2018-05-27,Mumbai,Final, Chennai Super Kings , Sunrisers Hyderabad,Chennai Super Kings,0,8,2018
2017-05-04,Hyderabad,1st Match, Sunrisers Hyderabad , Royal Challengers Bangalore,Sunrisers Hyderabad,35,0,2017
2017-06-04,Pune,2nd Match, Rising Pune Supergiant , Mumbai Indians,Rising Pune Supergiant,0,7,2017
2017-07-04,"Khandheri, Rajkot",3rd Match, Gujarat Lions , Kolkata Knight Riders,Kolkata Knight Riders,0,10,2017
2017-08-04,Indore,4th Match, Kings XI Punjab , Rising Pune Supergiant,Kings XI Punjab,0,6,2017
2017-08-04,"Bengaluru, Bangalore",5th Match, Royal Challengers Bangalore , Delhi Capitals,Royal Challengers Bangalore,15,0,2017
2017-09-04,Hyderabad,6th Match, Sunrisers Hyderabad , Gujarat Lions,Sunrisers Hyderabad,0,9,2017
2017-09-04,Mumbai,7th Match, Mumbai Indians , Kolkata Knight Riders,Mumbai Indians,0,4,2017
2017-10-04,Indore,8th Match, Kings XI Punjab , Royal Challengers Bangalore,Kings XI Punjab,0,8,2017
2017-11-04,Pune,9th Match, Rising Pune Supergiant , Delhi Capitals,Delhi Capitals,97,0,2017
2017-12-04,Mumbai,10th Match, Mumbai Indians , Sunrisers Hyderabad,Mumbai Indians,0,4,2017
2017-04-13,Cuttack,11th Match, Kolkata Knight Riders , Kings XI Punjab,Kolkata Knight Riders,0,8,2017
2017-04-14,"Bengaluru, Bangalore",12th Match, Royal Challengers Bangalore , Mumbai Indians,Mumbai Indians,0,4,2017
2017-04-14,"Khandheri, Rajkot",13th Match, Gujarat Lions , Rising Pune Supergiant,Gujarat Lions,0,7,2017
2017-04-15,Kolkata,14th Match, Kolkata Knight Riders , Sunrisers Hyderabad,Kolkata Knight Riders,17,0,2017
2017-04-15,Delhi,15th Match, Delhi Capitals , Kings XI Punjab,Delhi Capitals,51,0,2017
2017-04-16,Mumbai,16th Match, Mumbai Indians , Gujarat Lions,Mumbai Indians,0,6,2017
2017-04-16,"Bengaluru, Bangalore",17th Match, Royal Challengers Bangalore , Rising Pune Supergiant,Rising Pune Supergiant,27,0,2017
2017-04-17,Delhi,18th Match, Delhi Capitals , Kolkata Knight Riders,Kolkata Knight Riders,0,4,2017
2017-04-17,Hyderabad,19th Match, Sunrisers Hyderabad , Kings XI Punjab,Sunrisers Hyderabad,5,0,2017
2017-04-18,"Khandheri, Rajkot",20th Match, Gujarat Lions , Royal Challengers Bangalore,Royal Challengers Bangalore,21,0,2017
2017-04-19,Hyderabad,21st Match, Sunrisers Hyderabad , Delhi Capitals,Sunrisers Hyderabad,15,0,2017
2017-04-20,Indore,22nd Match, Kings XI Punjab , Mumbai Indians,Mumbai Indians,0,8,2017
2017-04-21,Kolkata,23rd Match, Kolkata Knight Riders , Gujarat Lions,Gujarat Lions,0,4,2017
2017-04-22,Pune,24th Match, Sunrisers Hyderabad , Rising Pune Supergiant,Rising Pune Supergiant,0,6,2017
2017-04-22,Mumbai,25th Match, Mumbai Indians , Delhi Capitals,Mumbai Indians,14,0,2017
2017-04-22,"Khandheri, Rajkot",26th Match, Kings XI Punjab , Gujarat Lions,Kings XI Punjab,26,0,2017
2017-04-23,Kolkata,27th Match, Kolkata Knight Riders , Royal Challengers Bangalore,Kolkata Knight Riders,82,0,2017
2017-04-24,Mumbai,28th Match, Mumbai Indians , Rising Pune Supergiant,Rising Pune Supergiant,3,0,2017
2017-04-25,"Bengaluru, Bangalore",29th Match, Royal Challengers Bangalore , Sunrisers Hyderabad,Match abandoned,0,0,2017
2017-04-26,Pune,30th Match, Rising Pune Supergiant , Kolkata Knight Riders,Kolkata Knight Riders,0,7,2017
2017-04-27,"Bengaluru, Bangalore",31st Match, Royal Challengers Bangalore , Gujarat Lions,Gujarat Lions,0,7,2017
2017-04-28,Kolkata,32nd Match, Kolkata Knight Riders , Delhi Capitals,Kolkata Knight Riders,0,7,2017
2017-04-28,"Mohali, Chandigarh",33rd Match, Kings XI Punjab , Sunrisers Hyderabad,Sunrisers Hyderabad,26,0,2017
2017-04-29,Pune,34th Match, Rising Pune Supergiant , Royal Challengers Bangalore,Rising Pune Supergiant,61,0,2017
2017-04-29,"Khandheri, Rajkot",35th Match, Gujarat Lions , Mumbai Indians,Mumbai Indians,0,0,2017
2017-04-30,"Mohali, Chandigarh",36th Match, Kings XI Punjab , Delhi Capitals,Kings XI Punjab,0,10,2017
2017-04-30,Hyderabad,37th Match, Sunrisers Hyderabad , Kolkata Knight Riders,Sunrisers Hyderabad,48,0,2017
2017-01-05,Mumbai,38th Match, Mumbai Indians , Royal Challengers Bangalore,Mumbai Indians,0,5,2017
2017-01-05,Pune,39th Match, Rising Pune Supergiant , Gujarat Lions,Rising Pune Supergiant,0,5,2017
2017-02-05,Delhi,40th Match, Delhi Capitals , Sunrisers Hyderabad,Delhi Capitals,0,6,2017
2017-03-05,Kolkata,41st Match, Kolkata Knight Riders , Rising Pune Supergiant,Rising Pune Supergiant,0,4,2017
2017-04-05,Delhi,42nd Match, Delhi Capitals , Gujarat Lions,Delhi Capitals,0,7,2017
2017-05-05,"Bengaluru, Bangalore",43rd Match, Royal Challengers Bangalore , Kings XI Punjab,Kings XI Punjab,19,0,2017
2017-06-05,Hyderabad,44th Match, Sunrisers Hyderabad , Rising Pune Supergiant,Rising Pune Supergiant,12,0,2017
2017-06-05,Cuttack,45th Match, Delhi Capitals , Mumbai Indians,Mumbai Indians,146,0,2017
2017-07-05,"Bengaluru, Bangalore",46th Match, Royal Challengers Bangalore , Kolkata Knight Riders,Kolkata Knight Riders,0,6,2017
2017-07-05,"Mohali, Chandigarh",47th Match, Kings XI Punjab , Gujarat Lions,Gujarat Lions,0,6,2017
2017-08-05,Hyderabad,48th Match, Sunrisers Hyderabad , Mumbai Indians,Sunrisers Hyderabad,0,7,2017
2017-09-05,"Mohali, Chandigarh",49th Match, Kings XI Punjab , Kolkata Knight Riders,Kings XI Punjab,14,0,2017
2017-10-05,Kanpur,50th Match, Gujarat Lions , Delhi Capitals,Delhi Capitals,0,2,2017
2017-11-05,Mumbai,51st Match, Mumbai Indians , Kings XI Punjab,Kings XI Punjab,7,0,2017
2017-12-05,Delhi,52nd Match, Delhi Capitals , Rising Pune Supergiant,Delhi Capitals,7,0,2017
2017-05-13,Kanpur,53rd Match, Gujarat Lions , Sunrisers Hyderabad,Sunrisers Hyderabad,0,8,2017
2017-05-13,Kolkata,54th Match, Kolkata Knight Riders , Mumbai Indians,Mumbai Indians,9,0,2017
2017-05-14,Pune,55th Match, Rising Pune Supergiant , Kings XI Punjab,Rising Pune Supergiant,0,9,2017
2017-05-14,Delhi,56th Match, Delhi Capitals , Royal Challengers Bangalore,Royal Challengers Bangalore,10,0,2017
2017-05-16,Mumbai,1st Qualifying Final, Mumbai Indians , Rising Pune Supergiant,Rising Pune Supergiant,20,0,2017
2017-05-17,"Bengaluru, Bangalore",Elimination Final, Sunrisers Hyderabad , Kolkata Knight Riders,Kolkata Knight Riders,0,7,2017
2017-05-19,"Bengaluru, Bangalore",2nd Qualifying Final, Mumbai Indians , Kolkata Knight Riders,Mumbai Indians,0,6,2017
2017-05-21,Hyderabad,Final, Mumbai Indians , Rising Pune Supergiant,Mumbai Indians,1,0,2017
2016-09-04,Mumbai,1st Match, Mumbai Indians , Rising Pune Supergiant,Rising Pune Supergiant,0,9,2016
2016-10-04,Kolkata,2nd Match, Kolkata Knight Riders , Delhi Capitals,Kolkata Knight Riders,0,9,2016
2016-11-04,"Mohali, Chandigarh",3rd Match, Kings XI Punjab , Gujarat Lions,Gujarat Lions,0,5,2016
2016-12-04,"Bengaluru, Bangalore",4th Match, Royal Challengers Bangalore , Sunrisers Hyderabad,Royal Challengers Bangalore,45,0,2016
2016-04-13,Kolkata,5th Match, Kolkata Knight Riders , Mumbai Indians,Mumbai Indians,0,6,2016
2016-04-14,"Khandheri, Rajkot",6th Match, Gujarat Lions , Rising Pune Supergiant,Gujarat Lions,0,7,2016
2016-04-15,Delhi,7th Match, Delhi Capitals , Kings XI Punjab,Delhi Capitals,0,8,2016
2016-04-16,Hyderabad,8th Match, Sunrisers Hyderabad , Kolkata Knight Riders,Kolkata Knight Riders,0,8,2016
2016-04-16,Mumbai,9th Match, Mumbai Indians , Gujarat Lions,Gujarat Lions,0,3,2016
2016-04-17,"Mohali, Chandigarh",10th Match, Kings XI Punjab , Rising Pune Supergiant,Kings XI Punjab,0,6,2016
2016-04-17,"Bengaluru, Bangalore",11th Match, Royal Challengers Bangalore , Delhi Capitals,Delhi Capitals,0,7,2016
2016-04-18,Hyderabad,12th Match, Sunrisers Hyderabad , Mumbai Indians,Sunrisers Hyderabad,0,7,2016
2016-04-19,"Mohali, Chandigarh",13th Match, Kings XI Punjab , Kolkata Knight Riders,Kolkata Knight Riders,0,7,2016
2016-04-20,Cuttack,14th Match, Mumbai Indians , Royal Challengers Bangalore,Mumbai Indians,0,6,2016
2016-04-21,"Khandheri, Rajkot",15th Match, Gujarat Lions , Sunrisers Hyderabad,Sunrisers Hyderabad,0,10,2016
2016-04-22,Pune,16th Match, Rising Pune Supergiant , Royal Challengers Bangalore,Royal Challengers Bangalore,13,0,2016
2016-04-23,Delhi,17th Match, Delhi Capitals , Mumbai Indians,Delhi Capitals,10,0,2016
2016-04-23,Hyderabad,18th Match, Kings XI Punjab , Sunrisers Hyderabad,Sunrisers Hyderabad,0,5,2016
2016-04-24,"Khandheri, Rajkot",19th Match, Gujarat Lions , Royal Challengers Bangalore,Gujarat Lions,0,6,2016
2016-04-24,Pune,20th Match, Rising Pune Supergiant , Kolkata Knight Riders,Kolkata Knight Riders,0,2,2016
2016-04-25,"Mohali, Chandigarh",21st Match, Kings XI Punjab , Mumbai Indians,Mumbai Indians,25,0,2016
2016-04-26,Hyderabad,22nd Match, Sunrisers Hyderabad , Rising Pune Supergiant,Rising Pune Supergiant,34,0,2016
2016-04-27,Delhi,23rd Match, Delhi Capitals , Gujarat Lions,Gujarat Lions,1,0,2016
2016-04-28,Mumbai,24th Match, Mumbai Indians , Kolkata Knight Riders,Mumbai Indians,0,6,2016
2016-04-29,Pune,25th Match, Rising Pune Supergiant , Gujarat Lions,Gujarat Lions,0,3,2016
2016-04-30,Delhi,26th Match, Delhi Capitals , Kolkata Knight Riders,Delhi Capitals,27,0,2016
2016-04-30,Hyderabad,27th Match, Sunrisers Hyderabad , Royal Challengers Bangalore,Sunrisers Hyderabad,15,0,2016
2016-01-05,"Khandheri, Rajkot",28th Match, Gujarat Lions , Kings XI Punjab,Kings XI Punjab,23,0,2016
2016-01-05,Pune,29th Match, Rising Pune Supergiant , Mumbai Indians,Mumbai Indians,0,8,2016
2016-02-05,"Bengaluru, Bangalore",30th Match, Royal Challengers Bangalore , Kolkata Knight Riders,Kolkata Knight Riders,0,5,2016
2016-03-05,"Khandheri, Rajkot",31st Match, Gujarat Lions , Delhi Capitals,Delhi Capitals,0,8,2016
2016-04-05,Kolkata,32nd Match, Kolkata Knight Riders , Kings XI Punjab,Kolkata Knight Riders,7,0,2016
2016-05-05,Delhi,33rd Match, Delhi Capitals , Rising Pune Supergiant,Rising Pune Supergiant,0,7,2016
2016-06-05,Hyderabad,34th Match, Sunrisers Hyderabad , Gujarat Lions,Sunrisers Hyderabad,0,5,2016
2016-07-05,"Bengaluru, Bangalore",35th Match, Royal Challengers Bangalore , Rising Pune Supergiant,Royal Challengers Bangalore,0,7,2016
2016-07-05,"Mohali, Chandigarh",36th Match, Kings XI Punjab , Delhi Capitals,Kings XI Punjab,9,0,2016
2016-08-05,Visakhapatnam,37th Match, Mumbai Indians , Sunrisers Hyderabad,Sunrisers Hyderabad,85,0,2016
2016-08-05,Kolkata,38th Match, Kolkata Knight Riders , Gujarat Lions,Gujarat Lions,0,5,2016
2016-09-05,"Mohali, Chandigarh",39th Match, Kings XI Punjab , Royal Challengers Bangalore,Royal Challengers Bangalore,1,0,2016
2016-10-05,Visakhapatnam,40th Match, Rising Pune Supergiant , Sunrisers Hyderabad,Sunrisers Hyderabad,4,0,2016
2016-11-05,"Bengaluru, Bangalore",41st Match, Royal Challengers Bangalore , Mumbai Indians,Mumbai Indians,0,6,2016
2016-12-05,Hyderabad,42nd Match, Sunrisers Hyderabad , Delhi Capitals,Delhi Capitals,0,7,2016
2016-05-13,Visakhapatnam,43rd Match, Mumbai Indians , Kings XI Punjab,Kings XI Punjab,0,7,2016
2016-05-14,"Bengaluru, Bangalore",44th Match, Royal Challengers Bangalore , Gujarat Lions,Royal Challengers Bangalore,144,0,2016
2016-05-14,Kolkata,45th Match, Kolkata Knight Riders , Rising Pune Supergiant,Kolkata Knight Riders,0,8,2016
2016-05-15,"Mohali, Chandigarh",46th Match, Kings XI Punjab , Sunrisers Hyderabad,Sunrisers Hyderabad,0,7,2016
2016-05-15,Visakhapatnam,47th Match, Mumbai Indians , Delhi Capitals,Mumbai Indians,80,0,2016
2016-05-16,Kolkata,48th Match, Kolkata Knight Riders , Royal Challengers Bangalore,Royal Challengers Bangalore,0,9,2016
2016-05-17,Visakhapatnam,49th Match, Rising Pune Supergiant , Delhi Capitals,Rising Pune Supergiant,19,0,2016
2016-05-18,"Bengaluru, Bangalore",50th Match, Royal Challengers Bangalore , Kings XI Punjab,Royal Challengers Bangalore,82,0,2016
2016-05-19,Kanpur,51st Match, Gujarat Lions , Kolkata Knight Riders,Gujarat Lions,0,6,2016
2016-05-20,Raipur,52nd Match, Delhi Capitals , Sunrisers Hyderabad,Delhi Capitals,0,6,2016
2016-05-21,Visakhapatnam,53rd Match, Rising Pune Supergiant , Kings XI Punjab,Rising Pune Supergiant,0,4,2016
2016-05-21,Kanpur,54th Match, Gujarat Lions , Mumbai Indians,Gujarat Lions,0,6,2016
2016-05-22,Kolkata,55th Match, Kolkata Knight Riders , Sunrisers Hyderabad,Kolkata Knight Riders,22,0,2016
2016-05-22,Raipur,56th Match, Delhi Capitals , Royal Challengers Bangalore,Royal Challengers Bangalore,0,6,2016
2016-05-24,"Bengaluru, Bangalore",1st Qualifying Final, Royal Challengers Bangalore , Gujarat Lions,Royal Challengers Bangalore,0,4,2016
2016-05-25,Delhi,Elimination Final, Sunrisers Hyderabad , Kolkata Knight Riders,Sunrisers Hyderabad,22,0,2016
2016-05-27,Delhi,Qualifying Final, Gujarat Lions , Sunrisers Hyderabad,Sunrisers Hyderabad,0,4,2016
2016-05-29,"Bengaluru, Bangalore",Final, Royal Challengers Bangalore , Sunrisers Hyderabad,Sunrisers Hyderabad,8,0,2016
2015-08-04,Kolkata,1st Match, Kolkata Knight Riders , Mumbai Indians,Kolkata Knight Riders,0,3,2015
2015-09-04,Chennai,2nd Match, Chennai Super Kings , Delhi Capitals,Chennai Super Kings,1,0,2015
2015-10-04,Pune,3rd Match, Kings XI Punjab , Rajasthan Royals,Rajasthan Royals,26,0,2015
2015-11-04,Chennai,4th Match, Chennai Super Kings , Sunrisers Hyderabad,Chennai Super Kings,45,0,2015
2015-11-04,Kolkata,5th Match, Kolkata Knight Riders , Royal Challengers Bangalore,Royal Challengers Bangalore,0,3,2015
2015-12-04,Delhi,6th Match, Delhi Capitals , Rajasthan Royals,Rajasthan Royals,0,3,2015
2015-12-04,Mumbai,7th Match, Mumbai Indians , Kings XI Punjab,Kings XI Punjab,18,0,2015
2015-04-13,"Bengaluru, Bangalore",8th Match, Royal Challengers Bangalore , Sunrisers Hyderabad,Sunrisers Hyderabad,0,8,2015
2015-04-14,Ahmedabad,9th Match, Rajasthan Royals , Mumbai Indians,Rajasthan Royals,0,7,2015
2015-04-15,Pune,10th Match, Kings XI Punjab , Delhi Capitals,Delhi Capitals,0,5,2015
2015-04-16,Visakhapatnam,11th Match, Sunrisers Hyderabad , Rajasthan Royals,Rajasthan Royals,0,6,2015
2015-04-17,Mumbai,12th Match, Mumbai Indians , Chennai Super Kings,Chennai Super Kings,0,6,2015
2015-04-18,Visakhapatnam,13th Match, Sunrisers Hyderabad , Delhi Capitals,Delhi Capitals,4,0,2015
2015-04-18,Pune,14th Match, Kings XI Punjab , Kolkata Knight Riders,Kolkata Knight Riders,0,4,2015
2015-04-19,Ahmedabad,15th Match, Rajasthan Royals , Chennai Super Kings,Rajasthan Royals,0,8,2015
2015-04-19,"Bengaluru, Bangalore",16th Match, Royal Challengers Bangalore , Mumbai Indians,Mumbai Indians,18,0,2015
2015-04-20,Delhi,17th Match, Delhi Capitals , Kolkata Knight Riders,Kolkata Knight Riders,0,6,2015
2015-04-21,Ahmedabad,18th Match, Rajasthan Royals , Kings XI Punjab,Kings XI Punjab,0,0,2015
2015-04-22,Visakhapatnam,19th Match, Sunrisers Hyderabad , Kolkata Knight Riders,Sunrisers Hyderabad,16,0,2015
2015-04-22,"Bengaluru, Bangalore",20th Match, Royal Challengers Bangalore , Chennai Super Kings,Chennai Super Kings,27,0,2015
2015-04-23,Delhi,21st Match, Delhi Capitals , Mumbai Indians,Delhi Capitals,37,0,2015
2015-04-24,Ahmedabad,22nd Match, Rajasthan Royals , Royal Challengers Bangalore,Royal Challengers Bangalore,0,9,2015
2015-04-25,Mumbai,23rd Match, Mumbai Indians , Sunrisers Hyderabad,Mumbai Indians,20,0,2015
2015-04-25,Chennai,24th Match, Chennai Super Kings , Kings XI Punjab,Chennai Super Kings,97,0,2015
2015-04-26,Kolkata,25th Match, Kolkata Knight Riders , Rajasthan Royals,Match abandoned,0,0,2015
2015-04-26,Delhi,26th Match, Delhi Capitals , Royal Challengers Bangalore,Royal Challengers Bangalore,0,10,2015
2015-04-27,"Mohali, Chandigarh",27th Match, Kings XI Punjab , Sunrisers Hyderabad,Sunrisers Hyderabad,20,0,2015
2015-04-28,Chennai,28th Match, Chennai Super Kings , Kolkata Knight Riders,Chennai Super Kings,2,0,2015
2015-04-29,"Bengaluru, Bangalore",29th Match, Royal Challengers Bangalore , Rajasthan Royals,No result,0,0,2015
2015-04-30,Kolkata,30th Match, Kolkata Knight Riders , Chennai Super Kings,Kolkata Knight Riders,0,7,2015
2015-01-05,Delhi,31st Match, Delhi Capitals , Kings XI Punjab,Delhi Capitals,0,9,2015
2015-01-05,Mumbai,32nd Match, Mumbai Indians , Rajasthan Royals,Mumbai Indians,8,0,2015
2015-02-05,"Bengaluru, Bangalore",33rd Match, Royal Challengers Bangalore , Kolkata Knight Riders,Royal Challengers Bangalore,0,7,2015
2015-02-05,Hyderabad,34th Match, Sunrisers Hyderabad , Chennai Super Kings,Sunrisers Hyderabad,22,0,2015
2015-03-05,"Mohali, Chandigarh",35th Match, Kings XI Punjab , Mumbai Indians,Mumbai Indians,23,0,2015
2015-03-05,Mumbai,36th Match, Rajasthan Royals , Delhi Capitals,Rajasthan Royals,14,0,2015
2015-04-05,Chennai,37th Match, Chennai Super Kings , Royal Challengers Bangalore,Chennai Super Kings,24,0,2015
2015-04-05,Kolkata,38th Match, Kolkata Knight Riders , Sunrisers Hyderabad,Kolkata Knight Riders,35,0,2015
2015-05-05,Mumbai,39th Match, Mumbai Indians , Delhi Capitals,Mumbai Indians,0,5,2015
2015-06-05,"Bengaluru, Bangalore",40th Match, Royal Challengers Bangalore , Kings XI Punjab,Royal Challengers Bangalore,138,0,2015
2015-07-05,Mumbai,41st Match, Rajasthan Royals , Sunrisers Hyderabad,Sunrisers Hyderabad,7,0,2015
2015-07-05,Kolkata,42nd Match, Kolkata Knight Riders , Delhi Capitals,Kolkata Knight Riders,13,0,2015
2015-08-05,Chennai,43rd Match, Chennai Super Kings , Mumbai Indians,Mumbai Indians,0,6,2015
2015-09-05,Kolkata,44th Match, Kolkata Knight Riders , Kings XI Punjab,Kolkata Knight Riders,0,1,2015
2015-09-05,Raipur,45th Match, Delhi Capitals , Sunrisers Hyderabad,Sunrisers Hyderabad,6,0,2015
2015-10-05,Mumbai,46th Match, Mumbai Indians , Royal Challengers Bangalore,Royal Challengers Bangalore,39,0,2015
2015-10-05,Chennai,47th Match, Chennai Super Kings , Rajasthan Royals,Chennai Super Kings,12,0,2015
2015-11-05,Hyderabad,48th Match, Sunrisers Hyderabad , Kings XI Punjab,Sunrisers Hyderabad,5,0,2015
2015-12-05,Raipur,49th Match, Delhi Capitals , Chennai Super Kings,Delhi Capitals,0,6,2015
2015-05-13,"Mohali, Chandigarh",50th Match, Kings XI Punjab , Royal Challengers Bangalore,Kings XI Punjab,22,0,2015
2015-05-14,Mumbai,51st Match, Mumbai Indians , Kolkata Knight Riders,Mumbai Indians,5,0,2015
2015-05-15,Hyderabad,52nd Match, Sunrisers Hyderabad , Royal Challengers Bangalore,Royal Challengers Bangalore,0,6,2015
2015-05-16,"Mohali, Chandigarh",53rd Match, Kings XI Punjab , Chennai Super Kings,Chennai Super Kings,0,7,2015
2015-05-16,Mumbai,54th Match, Rajasthan Royals , Kolkata Knight Riders,Rajasthan Royals,9,0,2015
2015-05-17,"Bengaluru, Bangalore",55th Match, Royal Challengers Bangalore , Delhi Capitals,No result,0,0,2015
2015-05-17,Hyderabad,56th Match, Sunrisers Hyderabad , Mumbai Indians,Mumbai Indians,0,9,2015
2015-05-19,Mumbai,1st Qualifying Final, Chennai Super Kings , Mumbai Indians,Mumbai Indians,25,0,2015
2015-05-20,Pune,1st Elimination Final, Royal Challengers Bangalore , Rajasthan Royals,Royal Challengers Bangalore,71,0,2015
2015-05-22,Ranchi,2nd Qualifying Final, Chennai Super Kings , Royal Challengers Bangalore,Chennai Super Kings,0,3,2015
2015-05-24,Kolkata,Final, Mumbai Indians , Chennai Super Kings,Mumbai Indians,41,0,2015
2014-04-16,Abu Dhabi,1st Match, Kolkata Knight Riders , Mumbai Indians,Kolkata Knight Riders,41,0,2014
2014-04-17,Sharjah,2nd Match, Royal Challengers Bangalore , Delhi Capitals,Royal Challengers Bangalore,0,8,2014
2014-04-18,Abu Dhabi,3rd Match, Chennai Super Kings , Kings XI Punjab,Kings XI Punjab,0,6,2014
2014-04-18,Abu Dhabi,4th Match, Sunrisers Hyderabad , Rajasthan Royals,Rajasthan Royals,0,4,2014
2014-04-19,Dubai,5th Match, Mumbai Indians , Royal Challengers Bangalore,Royal Challengers Bangalore,0,7,2014
2014-04-19,Dubai,6th Match, Kolkata Knight Riders , Delhi Capitals,Delhi Capitals,0,4,2014
2014-04-20,Sharjah,7th Match, Rajasthan Royals , Kings XI Punjab,Kings XI Punjab,0,7,2014
2014-04-21,Abu Dhabi,8th Match, Chennai Super Kings , Delhi Capitals,Chennai Super Kings,93,0,2014
2014-04-22,Sharjah,9th Match, Kings XI Punjab , Sunrisers Hyderabad,Kings XI Punjab,72,0,2014
2014-04-23,Dubai,10th Match, Chennai Super Kings , Rajasthan Royals,Chennai Super Kings,7,0,2014
2014-04-24,Sharjah,11th Match, Royal Challengers Bangalore , Kolkata Knight Riders,Kolkata Knight Riders,2,0,2014
2014-04-25,Dubai,12th Match, Sunrisers Hyderabad , Delhi Capitals,Sunrisers Hyderabad,4,0,2014
2014-04-25,Dubai,13th Match, Chennai Super Kings , Mumbai Indians,Chennai Super Kings,0,7,2014
2014-04-26,Abu Dhabi,14th Match, Royal Challengers Bangalore , Rajasthan Royals,Rajasthan Royals,0,6,2014
2014-04-26,Abu Dhabi,15th Match, Kolkata Knight Riders , Kings XI Punjab,Kings XI Punjab,23,0,2014
2014-04-27,Sharjah,16th Match, Delhi Capitals , Mumbai Indians,Delhi Capitals,0,6,2014
2014-04-27,Sharjah,17th Match, Sunrisers Hyderabad , Chennai Super Kings,Chennai Super Kings,0,5,2014
2014-04-28,Dubai,18th Match, Kings XI Punjab , Royal Challengers Bangalore,Kings XI Punjab,0,5,2014
2014-04-29,Abu Dhabi,19th Match, Kolkata Knight Riders , Rajasthan Royals,Rajasthan Royals,0,0,2014
2014-04-30,Dubai,20th Match, Mumbai Indians , Sunrisers Hyderabad,Sunrisers Hyderabad,15,0,2014
2014-02-05,Ranchi,21st Match, Chennai Super Kings , Kolkata Knight Riders,Chennai Super Kings,34,0,2014
2014-03-05,Mumbai,22nd Match, Mumbai Indians , Kings XI Punjab,Mumbai Indians,0,5,2014
2014-03-05,Delhi,23rd Match, Delhi Capitals , Rajasthan Royals,Rajasthan Royals,0,7,2014
2014-04-05,"Bengaluru, Bangalore",24th Match, Royal Challengers Bangalore , Sunrisers Hyderabad,Royal Challengers Bangalore,0,4,2014
2014-05-05,Ahmedabad,25th Match, Rajasthan Royals , Kolkata Knight Riders,Rajasthan Royals,10,0,2014
2014-05-05,Delhi,26th Match, Delhi Capitals , Chennai Super Kings,Chennai Super Kings,0,8,2014
2014-06-05,Mumbai,27th Match, Mumbai Indians , Royal Challengers Bangalore,Mumbai Indians,19,0,2014
2014-07-05,Delhi,28th Match, Delhi Capitals , Kolkata Knight Riders,Kolkata Knight Riders,0,8,2014
2014-07-05,Cuttack,29th Match, Kings XI Punjab , Chennai Super Kings,Kings XI Punjab,44,0,2014
2014-08-05,Ahmedabad,30th Match, Sunrisers Hyderabad , Rajasthan Royals,Sunrisers Hyderabad,32,0,2014
2014-09-05,"Bengaluru, Bangalore",31st Match, Royal Challengers Bangalore , Kings XI Punjab,Kings XI Punjab,32,0,2014
2014-10-05,Delhi,32nd Match, Delhi Capitals , Sunrisers Hyderabad,Sunrisers Hyderabad,0,8,2014
2014-10-05,Mumbai,33rd Match, Mumbai Indians , Chennai Super Kings,Chennai Super Kings,0,4,2014
2014-11-05,Cuttack,34th Match, Kolkata Knight Riders , Kings XI Punjab,Kolkata Knight Riders,0,9,2014
2014-11-05,"Bengaluru, Bangalore",35th Match, Royal Challengers Bangalore , Rajasthan Royals,Rajasthan Royals,0,5,2014
2014-12-05,Hyderabad,36th Match, Sunrisers Hyderabad , Mumbai Indians,Mumbai Indians,0,7,2014
2014-05-13,Ranchi,37th Match, Chennai Super Kings , Rajasthan Royals,Chennai Super Kings,0,5,2014
2014-05-13,"Bengaluru, Bangalore",38th Match, Royal Challengers Bangalore , Delhi Capitals,Royal Challengers Bangalore,16,0,2014
2014-05-14,Hyderabad,39th Match, Sunrisers Hyderabad , Kings XI Punjab,Kings XI Punjab,0,6,2014
2014-05-14,Cuttack,40th Match, Kolkata Knight Riders , Mumbai Indians,Kolkata Knight Riders,0,6,2014
2014-05-15,Ahmedabad,41st Match, Rajasthan Royals , Delhi Capitals,Rajasthan Royals,62,0,2014
2014-05-18,Ranchi,42nd Match, Chennai Super Kings , Royal Challengers Bangalore,Royal Challengers Bangalore,0,5,2014
2014-05-18,Hyderabad,43rd Match, Sunrisers Hyderabad , Kolkata Knight Riders,Kolkata Knight Riders,0,7,2014
2014-05-19,Ahmedabad,44th Match, Rajasthan Royals , Mumbai Indians,Mumbai Indians,25,0,2014
2014-05-19,Delhi,45th Match, Delhi Capitals , Kings XI Punjab,Kings XI Punjab,0,4,2014
2014-05-20,Hyderabad,46th Match, Sunrisers Hyderabad , Royal Challengers Bangalore,Sunrisers Hyderabad,0,7,2014
2014-05-20,Kolkata,47th Match, Kolkata Knight Riders , Chennai Super Kings,Kolkata Knight Riders,0,8,2014
2014-05-21,"Mohali, Chandigarh",48th Match, Kings XI Punjab , Mumbai Indians,Mumbai Indians,0,7,2014
2014-05-22,Kolkata,49th Match, Kolkata Knight Riders , Royal Challengers Bangalore,Kolkata Knight Riders,30,0,2014
2014-05-22,Ranchi,50th Match, Chennai Super Kings , Sunrisers Hyderabad,Sunrisers Hyderabad,0,6,2014
2014-05-23,Mumbai,51st Match, Mumbai Indians , Delhi Capitals,Mumbai Indians,15,0,2014
2014-05-23,"Mohali, Chandigarh",52nd Match, Kings XI Punjab , Rajasthan Royals,Kings XI Punjab,16,0,2014
2014-05-24,"Bengaluru, Bangalore",53rd Match, Royal Challengers Bangalore , Chennai Super Kings,Chennai Super Kings,0,8,2014
2014-05-24,Kolkata,54th Match, Kolkata Knight Riders , Sunrisers Hyderabad,Kolkata Knight Riders,0,4,2014
2014-05-25,"Mohali, Chandigarh",55th Match, Kings XI Punjab , Delhi Capitals,Kings XI Punjab,0,7,2014
2014-05-25,Mumbai,56th Match, Mumbai Indians , Rajasthan Royals,Mumbai Indians,0,5,2014
2014-05-28,Mumbai,Elimination Final, Mumbai Indians , Chennai Super Kings,Chennai Super Kings,0,7,2014
2014-05-28,Kolkata,1st Qualifying Final, Kolkata Knight Riders , Kings XI Punjab,Kolkata Knight Riders,28,0,2014
2014-05-30,Mumbai,2nd Qualifying Final, Chennai Super Kings , Kings XI Punjab,Kings XI Punjab,24,0,2014
2014-01-06,"Bengaluru, Bangalore",Final, Kolkata Knight Riders , Kings XI Punjab,Kolkata Knight Riders,0,3,2014
2013-03-04,Kolkata,1st Match, Kolkata Knight Riders , Delhi Capitals,Kolkata Knight Riders,0,6,2013
2013-04-04,"Bengaluru, Bangalore",2nd Match, Royal Challengers Bangalore , Mumbai Indians,Royal Challengers Bangalore,2,0,2013
2013-05-04,Hyderabad,3rd Match, Sunrisers Hyderabad , Pune Warriors,Sunrisers Hyderabad,22,0,2013
2013-06-04,Delhi,4th Match, Delhi Capitals , Rajasthan Royals,Rajasthan Royals,5,0,2013
2013-06-04,Chennai,5th Match, Chennai Super Kings , Mumbai Indians,Mumbai Indians,9,0,2013
2013-07-04,Pune,6th Match, Pune Warriors , Kings XI Punjab,Kings XI Punjab,0,8,2013
2013-07-04,Hyderabad,7th Match, Sunrisers Hyderabad , Royal Challengers Bangalore,Sunrisers Hyderabad,0,0,2013
2013-08-04,Jaipur,8th Match, Rajasthan Royals , Kolkata Knight Riders,Rajasthan Royals,19,0,2013
2013-09-04,Mumbai,10th Match, Mumbai Indians , Delhi Capitals,Mumbai Indians,44,0,2013
2013-09-04,"Bengaluru, Bangalore",9th Match, Royal Challengers Bangalore , Sunrisers Hyderabad,Royal Challengers Bangalore,0,7,2013
2013-10-04,"Mohali, Chandigarh",11th Match, Kings XI Punjab , Chennai Super Kings,Chennai Super Kings,0,10,2013
2013-11-04,"Bengaluru, Bangalore",12th Match, Royal Challengers Bangalore , Kolkata Knight Riders,Royal Challengers Bangalore,0,8,2013
2013-11-04,Pune,13th Match, Pune Warriors , Rajasthan Royals,Pune Warriors,0,7,2013
2013-12-04,Delhi,14th Match, Delhi Capitals , Sunrisers Hyderabad,Sunrisers Hyderabad,0,3,2013
2013-04-13,Mumbai,15th Match, Mumbai Indians , Pune Warriors,Mumbai Indians,41,0,2013
2013-04-13,Chennai,16th Match, Chennai Super Kings , Royal Challengers Bangalore,Chennai Super Kings,0,4,2013
2013-04-14,Kolkata,17th Match, Kolkata Knight Riders , Sunrisers Hyderabad,Kolkata Knight Riders,48,0,2013
2013-04-14,Jaipur,18th Match, Rajasthan Royals , Kings XI Punjab,Rajasthan Royals,0,6,2013
2013-04-15,Chennai,19th Match, Chennai Super Kings , Pune Warriors,Pune Warriors,24,0,2013
2013-04-16,"Mohali, Chandigarh",20th Match, Kings XI Punjab , Kolkata Knight Riders,Kings XI Punjab,4,0,2013
2013-04-16,"Bengaluru, Bangalore",21st Match, Royal Challengers Bangalore , Delhi Capitals,Royal Challengers Bangalore,0,0,2013
2013-04-17,Pune,22nd Match, Pune Warriors , Sunrisers Hyderabad,Sunrisers Hyderabad,11,0,2013
2013-04-17,Jaipur,23rd Match, Rajasthan Royals , Mumbai Indians,Rajasthan Royals,87,0,2013
2013-04-18,Delhi,24th Match, Chennai Super Kings , Delhi Capitals,Chennai Super Kings,86,0,2013
2013-04-19,Hyderabad,25th Match, Sunrisers Hyderabad , Kings XI Punjab,Sunrisers Hyderabad,0,5,2013
2013-04-20,Kolkata,26th Match, Kolkata Knight Riders , Chennai Super Kings,Chennai Super Kings,0,4,2013
2013-04-20,"Bengaluru, Bangalore",27th Match, Royal Challengers Bangalore , Rajasthan Royals,Royal Challengers Bangalore,0,7,2013
2013-04-21,Delhi,28th Match, Delhi Capitals , Mumbai Indians,Delhi Capitals,0,9,2013
2013-04-21,"Mohali, Chandigarh",29th Match, Kings XI Punjab , Pune Warriors,Kings XI Punjab,0,7,2013
2013-04-22,Chennai,30th Match, Chennai Super Kings , Rajasthan Royals,Chennai Super Kings,0,5,2013
2013-04-23,"Bengaluru, Bangalore",31st Match, Royal Challengers Bangalore , Pune Warriors,Royal Challengers Bangalore,130,0,2013
2013-04-23,Delhi,32nd Match, Delhi Capitals , Kings XI Punjab,Kings XI Punjab,0,5,2013
2013-04-24,Kolkata,33rd Match, Kolkata Knight Riders , Mumbai Indians,Mumbai Indians,0,5,2013
2013-04-25,Chennai,34th Match, Chennai Super Kings , Sunrisers Hyderabad,Chennai Super Kings,0,5,2013
2013-04-26,Kolkata,35th Match, Kolkata Knight Riders , Kings XI Punjab,Kolkata Knight Riders,0,6,2013
2013-04-27,Jaipur,36th Match, Sunrisers Hyderabad , Rajasthan Royals,Rajasthan Royals,0,8,2013
2013-04-27,Mumbai,37th Match, Mumbai Indians , Royal Challengers Bangalore,Mumbai Indians,58,0,2013
2013-04-28,Chennai,38th Match, Chennai Super Kings , Kolkata Knight Riders,Chennai Super Kings,14,0,2013
2013-04-28,Raipur,39th Match, Delhi Capitals , Pune Warriors,Delhi Capitals,15,0,2013
2013-04-29,Jaipur,40th Match, Rajasthan Royals , Royal Challengers Bangalore,Rajasthan Royals,0,4,2013
2013-04-29,Mumbai,41st Match, Mumbai Indians , Kings XI Punjab,Mumbai Indians,4,0,2013
2013-04-30,Pune,42nd Match, Chennai Super Kings , Pune Warriors,Chennai Super Kings,37,0,2013
2013-01-05,Hyderabad,43rd Match, Mumbai Indians , Sunrisers Hyderabad,Sunrisers Hyderabad,0,7,2013
2013-01-05,Raipur,44th Match, Delhi Capitals , Kolkata Knight Riders,Delhi Capitals,0,7,2013
2013-02-05,Chennai,45th Match, Chennai Super Kings , Kings XI Punjab,Chennai Super Kings,15,0,2013
2013-02-05,Pune,46th Match, Pune Warriors , Royal Challengers Bangalore,Royal Challengers Bangalore,17,0,2013
2013-03-05,Kolkata,47th Match, Kolkata Knight Riders , Rajasthan Royals,Kolkata Knight Riders,0,8,2013
2013-04-05,Hyderabad,48th Match, Sunrisers Hyderabad , Delhi Capitals,Sunrisers Hyderabad,0,6,2013
2013-05-05,Mumbai,49th Match, Mumbai Indians , Chennai Super Kings,Mumbai Indians,60,0,2013
2013-05-05,Jaipur,50th Match, Rajasthan Royals , Pune Warriors,Rajasthan Royals,0,5,2013
2013-06-05,"Mohali, Chandigarh",51st Match, Kings XI Punjab , Royal Challengers Bangalore,Kings XI Punjab,0,6,2013
2013-07-05,Jaipur,52nd Match, Rajasthan Royals , Delhi Capitals,Rajasthan Royals,0,9,2013
2013-07-05,Mumbai,53rd Match, Mumbai Indians , Kolkata Knight Riders,Mumbai Indians,65,0,2013
2013-08-05,Hyderabad,54th Match, Sunrisers Hyderabad , Chennai Super Kings,Chennai Super Kings,77,0,2013
2013-09-05,"Mohali, Chandigarh",55th Match, Kings XI Punjab , Rajasthan Royals,Rajasthan Royals,0,8,2013
2013-09-05,Pune,56th Match, Pune Warriors , Kolkata Knight Riders,Kolkata Knight Riders,46,0,2013
2013-10-05,Delhi,57th Match, Royal Challengers Bangalore , Delhi Capitals,Royal Challengers Bangalore,4,0,2013
2013-11-05,Pune,58th Match, Pune Warriors , Mumbai Indians,Mumbai Indians,0,5,2013
2013-11-05,"Mohali, Chandigarh",59th Match, Kings XI Punjab , Sunrisers Hyderabad,Sunrisers Hyderabad,30,0,2013
2013-12-05,Ranchi,60th Match, Kolkata Knight Riders , Royal Challengers Bangalore,Kolkata Knight Riders,0,5,2013
2013-12-05,Jaipur,61st Match, Rajasthan Royals , Chennai Super Kings,Rajasthan Royals,0,5,2013
2013-05-13,Mumbai,62nd Match, Mumbai Indians , Sunrisers Hyderabad,Mumbai Indians,0,7,2013
2013-05-14,"Bengaluru, Bangalore",63rd Match, Royal Challengers Bangalore , Kings XI Punjab,Kings XI Punjab,0,7,2013
2013-05-14,Chennai,64th Match, Chennai Super Kings , Delhi Capitals,Chennai Super Kings,33,0,2013
2013-05-15,Ranchi,65th Match, Kolkata Knight Riders , Pune Warriors,Pune Warriors,7,0,2013
2013-05-15,Mumbai,66th Match, Mumbai Indians , Rajasthan Royals,Mumbai Indians,14,0,2013
2013-05-16,Dharamsala,67th Match, Kings XI Punjab , Delhi Capitals,Kings XI Punjab,7,0,2013
2013-05-17,Hyderabad,68th Match, Sunrisers Hyderabad , Rajasthan Royals,Sunrisers Hyderabad,23,0,2013
2013-05-18,Dharamsala,69th Match, Kings XI Punjab , Mumbai Indians,Kings XI Punjab,50,0,2013
2013-05-18,"Bengaluru, Bangalore",70th Match, Royal Challengers Bangalore , Chennai Super Kings,Royal Challengers Bangalore,24,0,2013
2013-05-19,Pune,71st Match, Pune Warriors , Delhi Capitals,Pune Warriors,38,0,2013
2013-05-19,Hyderabad,72nd Match, Sunrisers Hyderabad , Kolkata Knight Riders,Sunrisers Hyderabad,0,5,2013
2013-05-21,Delhi,1st Qualifying Final, Chennai Super Kings , Mumbai Indians,Chennai Super Kings,48,0,2013
2013-05-22,Delhi,Elimination Final, Rajasthan Royals , Sunrisers Hyderabad,Rajasthan Royals,0,4,2013
2013-05-24,Kolkata,2nd Qualifying Final, Mumbai Indians , Rajasthan Royals,Mumbai Indians,0,4,2013
2013-05-26,Kolkata,Final, Chennai Super Kings , Mumbai Indians,Mumbai Indians,23,0,2013
2012-04-04,Chennai,1st Match, Chennai Super Kings , Mumbai Indians,Mumbai Indians,0,8,2012
2012-05-04,Kolkata,2nd Match, Kolkata Knight Riders , Delhi Capitals,Delhi Capitals,0,8,2012
2012-06-04,Mumbai,3rd Match, Mumbai Indians , Pune Warriors,Pune Warriors,28,0,2012
2012-06-04,Jaipur,4th Match, Rajasthan Royals , Kings XI Punjab,Rajasthan Royals,31,0,2012
2012-07-04,"Bengaluru, Bangalore",5th Match, Royal Challengers Bangalore , Delhi Capitals,Royal Challengers Bangalore,20,0,2012
2012-07-04,Visakhapatnam,6th Match, Deccan Chargers , Chennai Super Kings,Chennai Super Kings,74,0,2012
2012-08-04,Jaipur,7th Match, Rajasthan Royals , Kolkata Knight Riders,Rajasthan Royals,22,0,2012
2012-08-04,Pune,8th Match, Pune Warriors , Kings XI Punjab,Pune Warriors,22,0,2012
2012-09-04,Visakhapatnam,9th Match, Deccan Chargers , Mumbai Indians,Mumbai Indians,0,5,2012
2012-10-04,"Bengaluru, Bangalore",10th Match, Royal Challengers Bangalore , Kolkata Knight Riders,Kolkata Knight Riders,42,0,2012
2012-10-04,Delhi,11th Match, Delhi Capitals , Chennai Super Kings,Delhi Capitals,0,8,2012
2012-11-04,Mumbai,12th Match, Mumbai Indians , Rajasthan Royals,Mumbai Indians,27,0,2012
2012-12-04,Chennai,13th Match, Chennai Super Kings , Royal Challengers Bangalore,Chennai Super Kings,0,5,2012
2012-12-04,"Mohali, Chandigarh",14th Match, Kings XI Punjab , Pune Warriors,Kings XI Punjab,0,7,2012
2012-04-13,Kolkata,15th Match, Kolkata Knight Riders , Rajasthan Royals,Kolkata Knight Riders,0,5,2012
2012-04-14,Pune,16th Match, Pune Warriors , Chennai Super Kings,Pune Warriors,0,7,2012
2012-04-15,Kolkata,17th Match, Kolkata Knight Riders , Kings XI Punjab,Kings XI Punjab,2,0,2012
2012-04-15,"Bengaluru, Bangalore",18th Match, Royal Challengers Bangalore , Rajasthan Royals,Rajasthan Royals,59,0,2012
2012-04-16,Mumbai,19th Match, Mumbai Indians , Delhi Capitals,Delhi Capitals,0,7,2012
2012-04-17,Jaipur,20th Match, Rajasthan Royals , Deccan Chargers,Rajasthan Royals,0,5,2012
2012-04-17,"Bengaluru, Bangalore",21st Match, Royal Challengers Bangalore , Pune Warriors,Royal Challengers Bangalore,0,6,2012
2012-04-18,"Mohali, Chandigarh",22nd Match, Kings XI Punjab , Kolkata Knight Riders,Kolkata Knight Riders,0,8,2012
2012-04-19,Delhi,23rd Match, Delhi Capitals , Deccan Chargers,Delhi Capitals,0,5,2012
2012-04-19,Chennai,24th Match, Chennai Super Kings , Pune Warriors,Chennai Super Kings,13,0,2012
2012-04-20,"Mohali, Chandigarh",25th Match, Kings XI Punjab , Royal Challengers Bangalore,Royal Challengers Bangalore,0,5,2012
2012-04-21,Chennai,26th Match, Chennai Super Kings , Rajasthan Royals,Chennai Super Kings,0,7,2012
2012-04-21,Delhi,27th Match, Delhi Capitals , Pune Warriors,Pune Warriors,20,0,2012
2012-04-22,Mumbai,28th Match, Mumbai Indians , Kings XI Punjab,Kings XI Punjab,0,6,2012
2012-04-22,Cuttack,29th Match, Deccan Chargers , Kolkata Knight Riders,Kolkata Knight Riders,0,5,2012
2012-04-23,Jaipur,30th Match, Rajasthan Royals , Royal Challengers Bangalore,Royal Challengers Bangalore,46,0,2012
2012-04-24,Pune,31st Match, Pune Warriors , Delhi Capitals,Delhi Capitals,0,8,2012
2012-04-24,Kolkata,32nd Match, Kolkata Knight Riders , Deccan Chargers,Match abandoned,0,0,2012
2012-04-25,"Mohali, Chandigarh",33rd Match, Kings XI Punjab , Mumbai Indians,Mumbai Indians,0,4,2012
2012-04-25,"Bengaluru, Bangalore",34th Match, Royal Challengers Bangalore , Chennai Super Kings,No result,0,0,2012
2012-04-26,Pune,35th Match, Pune Warriors , Deccan Chargers,Deccan Chargers,18,0,2012
2012-04-27,Delhi,36th Match, Delhi Capitals , Mumbai Indians,Delhi Capitals,37,0,2012
2012-04-28,Chennai,37th Match, Chennai Super Kings , Kings XI Punjab,Kings XI Punjab,7,0,2012
2012-04-28,Kolkata,38th Match, Kolkata Knight Riders , Royal Challengers Bangalore,Kolkata Knight Riders,47,0,2012
2012-04-29,Delhi,39th Match, Delhi Capitals , Rajasthan Royals,Delhi Capitals,1,0,2012
2012-04-29,Mumbai,40th Match, Mumbai Indians , Deccan Chargers,Mumbai Indians,0,5,2012
2012-04-30,Chennai,41st Match, Chennai Super Kings , Kolkata Knight Riders,Kolkata Knight Riders,0,5,2012
2012-01-05,Cuttack,42nd Match, Deccan Chargers , Pune Warriors,Deccan Chargers,13,0,2012
2012-01-05,Jaipur,43rd Match, Rajasthan Royals , Delhi Capitals,Delhi Capitals,0,6,2012
2012-02-05,"Bengaluru, Bangalore",44th Match, Royal Challengers Bangalore , Kings XI Punjab,Kings XI Punjab,0,4,2012
2012-03-05,Pune,45th Match, Pune Warriors , Mumbai Indians,Mumbai Indians,1,0,2012
2012-04-05,Chennai,46th Match, Chennai Super Kings , Deccan Chargers,Chennai Super Kings,10,0,2012
2012-05-05,Kolkata,47th Match, Kolkata Knight Riders , Pune Warriors,Kolkata Knight Riders,7,0,2012
2012-05-05,"Mohali, Chandigarh",48th Match, Kings XI Punjab , Rajasthan Royals,Rajasthan Royals,43,0,2012
2012-06-05,Mumbai,49th Match, Mumbai Indians , Chennai Super Kings,Mumbai Indians,0,2,2012
2012-06-05,"Bengaluru, Bangalore",50th Match, Royal Challengers Bangalore , Deccan Chargers,Royal Challengers Bangalore,0,5,2012
2012-07-05,Delhi,51st Match, Delhi Capitals , Kolkata Knight Riders,Kolkata Knight Riders,0,6,2012
2012-08-05,Pune,52nd Match, Pune Warriors , Rajasthan Royals,Rajasthan Royals,0,7,2012
2012-08-05,Hyderabad,53rd Match, Deccan Chargers , Kings XI Punjab,Kings XI Punjab,25,0,2012
2012-09-05,Mumbai,54th Match, Mumbai Indians , Royal Challengers Bangalore,Royal Challengers Bangalore,0,9,2012
2012-10-05,Hyderabad,55th Match, Deccan Chargers , Delhi Capitals,Delhi Capitals,0,9,2012
2012-10-05,Jaipur,56th Match, Rajasthan Royals , Chennai Super Kings,Chennai Super Kings,0,4,2012
2012-11-05,Pune,57th Match, Pune Warriors , Royal Challengers Bangalore,Royal Challengers Bangalore,35,0,2012
2012-12-05,Kolkata,58th Match, Kolkata Knight Riders , Mumbai Indians,Mumbai Indians,27,0,2012
2012-12-05,Chennai,59th Match, Chennai Super Kings , Delhi Capitals,Chennai Super Kings,0,9,2012
2012-05-13,Jaipur,60th Match, Rajasthan Royals , Pune Warriors,Rajasthan Royals,45,0,2012
2012-05-13,"Mohali, Chandigarh",61st Match, Kings XI Punjab , Deccan Chargers,Kings XI Punjab,0,4,2012
2012-05-14,"Bengaluru, Bangalore",62nd Match, Royal Challengers Bangalore , Mumbai Indians,Mumbai Indians,0,5,2012
2012-05-14,Kolkata,63rd Match, Kolkata Knight Riders , Chennai Super Kings,Chennai Super Kings,0,5,2012
2012-05-15,Delhi,64th Match, Delhi Capitals , Kings XI Punjab,Delhi Capitals,0,5,2012
2012-05-16,Mumbai,65th Match, Mumbai Indians , Kolkata Knight Riders,Kolkata Knight Riders,32,0,2012
2012-05-17,Dharamsala,66th Match, Kings XI Punjab , Chennai Super Kings,Kings XI Punjab,0,6,2012
2012-05-17,Delhi,67th Match, Delhi Capitals , Royal Challengers Bangalore,Royal Challengers Bangalore,21,0,2012
2012-05-18,Hyderabad,68th Match, Deccan Chargers , Rajasthan Royals,Deccan Chargers,0,5,2012
2012-05-19,Dharamsala,69th Match, Kings XI Punjab , Delhi Capitals,Delhi Capitals,0,6,2012
2012-05-19,Pune,70th Match, Pune Warriors , Kolkata Knight Riders,Kolkata Knight Riders,34,0,2012
2012-05-20,Hyderabad,71st Match, Deccan Chargers , Royal Challengers Bangalore,Deccan Chargers,9,0,2012
2012-05-20,Jaipur,72nd Match, Rajasthan Royals , Mumbai Indians,Mumbai Indians,0,10,2012
2012-05-22,Pune,1st Qualifying Final, Delhi Capitals , Kolkata Knight Riders,Kolkata Knight Riders,18,0,2012
2012-05-23,"Bengaluru, Bangalore",Elimination Final, Chennai Super Kings , Mumbai Indians,Chennai Super Kings,3,0,2012
2012-05-25,Chennai,2nd Qualifying Final, Delhi Capitals , Chennai Super Kings,Chennai Super Kings,86,0,2012
2012-05-27,Chennai,Final, Kolkata Knight Riders , Chennai Super Kings,Kolkata Knight Riders,0,5,2012
2011-08-04,Chennai,1st Match, Chennai Super Kings , Kolkata Knight Riders,Chennai Super Kings,2,0,2011
2011-09-04,Hyderabad,2nd Match, Deccan Chargers , Rajasthan Royals,Rajasthan Royals,0,8,2011
2011-09-04,Kochi,3rd Match, Kochi Tuskers Kerala , Royal Challengers Bangalore,Royal Challengers Bangalore,0,6,2011
2011-10-04,Delhi,4th Match, Delhi Capitals , Mumbai Indians,Mumbai Indians,0,8,2011
2011-10-04,Mumbai,5th Match, Pune Warriors , Kings XI Punjab,Pune Warriors,0,7,2011
2011-11-04,Kolkata,6th Match, Kolkata Knight Riders , Deccan Chargers,Kolkata Knight Riders,9,0,2011
2011-12-04,Jaipur,7th Match, Rajasthan Royals , Delhi Capitals,Rajasthan Royals,0,6,2011
2011-12-04,"Bengaluru, Bangalore",8th Match, Royal Challengers Bangalore , Mumbai Indians,Mumbai Indians,0,9,2011
2011-04-13,Mumbai,10th Match, Pune Warriors , Kochi Tuskers Kerala,Pune Warriors,0,4,2011
2011-04-13,"Mohali, Chandigarh",9th Match, Kings XI Punjab , Chennai Super Kings,Kings XI Punjab,0,6,2011
2011-04-14,Hyderabad,11th Match, Deccan Chargers , Royal Challengers Bangalore,Deccan Chargers,33,0,2011
2011-04-15,Jaipur,12th Match, Rajasthan Royals , Kolkata Knight Riders,Kolkata Knight Riders,0,9,2011
2011-04-15,Cuttack,13th Match, Mumbai Indians , Kochi Tuskers Kerala,Kochi Tuskers Kerala,0,8,2011
2011-04-16,Chennai,14th Match, Chennai Super Kings , Royal Challengers Bangalore,Chennai Super Kings,21,0,2011
2011-04-16,Hyderabad,15th Match, Deccan Chargers , Kings XI Punjab,Kings XI Punjab,0,8,2011
2011-04-17,Mumbai,16th Match, Pune Warriors , Delhi Capitals,Delhi Capitals,0,3,2011
2011-04-17,Kolkata,17th Match, Kolkata Knight Riders , Rajasthan Royals,Kolkata Knight Riders,0,8,2011
2011-04-18,Kochi,18th Match, Kochi Tuskers Kerala , Chennai Super Kings,Kochi Tuskers Kerala,0,7,2011
2011-04-19,Delhi,19th Match, Delhi Capitals , Deccan Chargers,Deccan Chargers,16,0,2011
2011-04-19,"Bengaluru, Bangalore",20th Match, Royal Challengers Bangalore , Rajasthan Royals,Match abandoned,0,0,2011
2011-04-20,Mumbai,21st Match, Mumbai Indians , Pune Warriors,Mumbai Indians,0,7,2011
2011-04-20,Kolkata,22nd Match, Kolkata Knight Riders , Kochi Tuskers Kerala,Kochi Tuskers Kerala,6,0,2011
2011-04-21,"Mohali, Chandigarh",23rd Match, Kings XI Punjab , Rajasthan Royals,Kings XI Punjab,48,0,2011
2011-04-22,Kolkata,24th Match, Kolkata Knight Riders , Royal Challengers Bangalore,Royal Challengers Bangalore,0,9,2011
2011-04-22,Mumbai,25th Match, Mumbai Indians , Chennai Super Kings,Mumbai Indians,8,0,2011
2011-04-23,Delhi,26th Match, Delhi Capitals , Kings XI Punjab,Delhi Capitals,29,0,2011
2011-04-24,Hyderabad,27th Match, Deccan Chargers , Mumbai Indians,Mumbai Indians,37,0,2011
2011-04-24,Jaipur,28th Match, Rajasthan Royals , Kochi Tuskers Kerala,Rajasthan Royals,0,8,2011
2011-04-25,Chennai,29th Match, Chennai Super Kings , Pune Warriors,Chennai Super Kings,25,0,2011
2011-04-26,Delhi,30th Match, Delhi Capitals , Royal Challengers Bangalore,Royal Challengers Bangalore,0,3,2011
2011-04-27,Mumbai,31st Match, Pune Warriors , Chennai Super Kings,Chennai Super Kings,0,8,2011
2011-04-27,Kochi,32nd Match, Kochi Tuskers Kerala , Deccan Chargers,Deccan Chargers,55,0,2011
2011-04-28,Delhi,33rd Match, Delhi Capitals , Kolkata Knight Riders,Kolkata Knight Riders,17,0,2011
2011-04-29,Jaipur,34th Match, Rajasthan Royals , Mumbai Indians,Rajasthan Royals,0,7,2011
2011-04-29,"Bengaluru, Bangalore",35th Match, Royal Challengers Bangalore , Pune Warriors,Royal Challengers Bangalore,26,0,2011
2011-04-30,Kochi,36th Match, Kochi Tuskers Kerala , Delhi Capitals,Delhi Capitals,38,0,2011
2011-04-30,Kolkata,37th Match, Kolkata Knight Riders , Kings XI Punjab,Kolkata Knight Riders,0,8,2011
2011-01-05,Jaipur,38th Match, Rajasthan Royals , Pune Warriors,Rajasthan Royals,0,6,2011
2011-01-05,Chennai,39th Match, Chennai Super Kings , Deccan Chargers,Chennai Super Kings,19,0,2011
2011-02-05,Mumbai,40th Match, Mumbai Indians , Kings XI Punjab,Mumbai Indians,23,0,2011
2011-02-05,Delhi,41st Match, Delhi Capitals , Kochi Tuskers Kerala,Kochi Tuskers Kerala,0,7,2011
2011-03-05,Hyderabad,42nd Match, Deccan Chargers , Kolkata Knight Riders,Kolkata Knight Riders,20,0,2011
2011-04-05,Chennai,43rd Match, Chennai Super Kings , Rajasthan Royals,Chennai Super Kings,0,8,2011
2011-04-05,Mumbai,44th Match, Pune Warriors , Mumbai Indians,Mumbai Indians,21,0,2011
2011-05-05,Kochi,45th Match, Kochi Tuskers Kerala , Kolkata Knight Riders,Kochi Tuskers Kerala,17,0,2011
2011-05-05,Hyderabad,46th Match, Deccan Chargers , Delhi Capitals,Delhi Capitals,0,4,2011
2011-06-05,"Bengaluru, Bangalore",47th Match, Royal Challengers Bangalore , Kings XI Punjab,Royal Challengers Bangalore,85,0,2011
2011-07-05,Kolkata,48th Match, Kolkata Knight Riders , Chennai Super Kings,Kolkata Knight Riders,10,0,2011
2011-07-05,Mumbai,49th Match, Mumbai Indians , Delhi Capitals,Mumbai Indians,32,0,2011
2011-08-05,"Bengaluru, Bangalore",50th Match, Royal Challengers Bangalore , Kochi Tuskers Kerala,Royal Challengers Bangalore,0,9,2011
2011-08-05,"Mohali, Chandigarh",51st Match, Kings XI Punjab , Pune Warriors,Pune Warriors,0,5,2011
2011-09-05,Jaipur,52nd Match, Rajasthan Royals , Chennai Super Kings,Chennai Super Kings,63,0,2011
2011-10-05,Hyderabad,53rd Match, Deccan Chargers , Pune Warriors,Pune Warriors,0,6,2011
2011-10-05,"Mohali, Chandigarh",54th Match, Kings XI Punjab , Mumbai Indians,Kings XI Punjab,76,0,2011
2011-11-05,Jaipur,55th Match, Rajasthan Royals , Royal Challengers Bangalore,Royal Challengers Bangalore,0,9,2011
2011-12-05,Chennai,56th Match, Chennai Super Kings , Delhi Capitals,Chennai Super Kings,18,0,2011
2011-05-13,Indore,57th Match, Kochi Tuskers Kerala , Kings XI Punjab,Kings XI Punjab,0,6,2011
2011-05-14,"Bengaluru, Bangalore",58th Match, Royal Challengers Bangalore , Kolkata Knight Riders,Royal Challengers Bangalore,0,4,2011
2011-05-14,Mumbai,59th Match, Mumbai Indians , Deccan Chargers,Deccan Chargers,10,0,2011
2011-05-15,Dharamsala,60th Match, Kings XI Punjab , Delhi Capitals,Kings XI Punjab,29,0,2011
2011-05-15,Indore,61st Match, Kochi Tuskers Kerala , Rajasthan Royals,Kochi Tuskers Kerala,0,8,2011
2011-05-16,Mumbai,62nd Match, Pune Warriors , Deccan Chargers,Deccan Chargers,0,6,2011
2011-05-17,Dharamsala,63rd Match, Kings XI Punjab , Royal Challengers Bangalore,Kings XI Punjab,111,0,2011
2011-05-18,Chennai,64th Match, Chennai Super Kings , Kochi Tuskers Kerala,Chennai Super Kings,11,0,2011
2011-05-19,Mumbai,65th Match, Pune Warriors , Kolkata Knight Riders,Kolkata Knight Riders,0,7,2011
2011-05-20,Mumbai,66th Match, Mumbai Indians , Rajasthan Royals,Rajasthan Royals,0,10,2011
2011-05-21,Dharamsala,67th Match, Kings XI Punjab , Deccan Chargers,Deccan Chargers,82,0,2011
2011-05-21,Delhi,68th Match, Delhi Capitals , Pune Warriors,No result,0,0,2011
2011-05-22,"Bengaluru, Bangalore",69th Match, Royal Challengers Bangalore , Chennai Super Kings,Royal Challengers Bangalore,0,8,2011
2011-05-22,Kolkata,70th Match, Kolkata Knight Riders , Mumbai Indians,Mumbai Indians,0,5,2011
2011-05-24,Mumbai,1st Qualifying Final, Royal Challengers Bangalore , Chennai Super Kings,Chennai Super Kings,0,6,2011
2011-05-25,Mumbai,Elimination Final, Kolkata Knight Riders , Mumbai Indians,Mumbai Indians,0,4,2011
2011-05-27,Chennai,2nd Qualifying Final, Royal Challengers Bangalore , Mumbai Indians,Royal Challengers Bangalore,43,0,2011
2011-05-28,Chennai,Final, Chennai Super Kings , Royal Challengers Bangalore,Chennai Super Kings,58,0,2011
2010-12-03,Mumbai,1st Match, Deccan Chargers , Kolkata Knight Riders,Kolkata Knight Riders,11,0,2010
2010-03-13,Mumbai,2nd Match, Mumbai Indians , Rajasthan Royals,Mumbai Indians,4,0,2010
2010-03-13,"Mohali, Chandigarh",3rd Match, Kings XI Punjab , Delhi Capitals,Delhi Capitals,0,5,2010
2010-03-14,Kolkata,4th Match, Kolkata Knight Riders , Royal Challengers Bangalore,Kolkata Knight Riders,0,7,2010
2010-03-14,Chennai,5th Match, Chennai Super Kings , Deccan Chargers,Deccan Chargers,31,0,2010
2010-03-15,Cuttack,6th Match, Rajasthan Royals , Delhi Capitals,Delhi Capitals,0,6,2010
2010-03-16,"Bengaluru, Bangalore",7th Match, Royal Challengers Bangalore , Kings XI Punjab,Royal Challengers Bangalore,0,8,2010
2010-03-16,Kolkata,8th Match, Chennai Super Kings , Kolkata Knight Riders,Chennai Super Kings,55,0,2010
2010-03-17,Delhi,9th Match, Delhi Capitals , Mumbai Indians,Mumbai Indians,98,0,2010
2010-03-18,"Bengaluru, Bangalore",10th Match, Royal Challengers Bangalore , Rajasthan Royals,Royal Challengers Bangalore,0,10,2010
2010-03-19,Delhi,11th Match, Delhi Capitals , Chennai Super Kings,Chennai Super Kings,0,5,2010
2010-03-19,Cuttack,12th Match, Deccan Chargers , Kings XI Punjab,Deccan Chargers,6,0,2010
2010-03-20,Ahmedabad,13th Match, Rajasthan Royals , Kolkata Knight Riders,Rajasthan Royals,34,0,2010
2010-03-20,Cuttack,14th Match, Mumbai Indians , Royal Challengers Bangalore,Royal Challengers Bangalore,0,7,2010
2010-03-21,Cuttack,15th Match, Deccan Chargers , Delhi Capitals,Deccan Chargers,10,0,2010
2010-03-21,Chennai,16th Match, Chennai Super Kings , Kings XI Punjab,Kings XI Punjab,0,0,2010
2010-03-22,Mumbai,17th Match, Mumbai Indians , Kolkata Knight Riders,Mumbai Indians,0,7,2010
2010-03-23,"Bengaluru, Bangalore",18th Match, Royal Challengers Bangalore , Chennai Super Kings,Royal Challengers Bangalore,36,0,2010
2010-03-24,"Mohali, Chandigarh",19th Match, Kings XI Punjab , Rajasthan Royals,Rajasthan Royals,31,0,2010
2010-03-25,"Bengaluru, Bangalore",20th Match, Royal Challengers Bangalore , Delhi Capitals,Delhi Capitals,17,0,2010
2010-03-25,Mumbai,21st Match, Mumbai Indians , Chennai Super Kings,Mumbai Indians,0,5,2010
2010-03-26,Ahmedabad,22nd Match, Rajasthan Royals , Deccan Chargers,Rajasthan Royals,0,8,2010
2010-03-27,"Mohali, Chandigarh",23rd Match, Kings XI Punjab , Kolkata Knight Riders,Kolkata Knight Riders,39,0,2010
2010-03-28,Ahmedabad,24th Match, Rajasthan Royals , Chennai Super Kings,Rajasthan Royals,17,0,2010
2010-03-28,Mumbai,25th Match, Deccan Chargers , Mumbai Indians,Mumbai Indians,41,0,2010
2010-03-29,Delhi,26th Match, Delhi Capitals , Kolkata Knight Riders,Delhi Capitals,40,0,2010
2010-03-30,Mumbai,27th Match, Mumbai Indians , Kings XI Punjab,Mumbai Indians,0,4,2010
2010-03-31,Chennai,28th Match, Chennai Super Kings , Royal Challengers Bangalore,Chennai Super Kings,0,5,2010
2010-03-31,Delhi,29th Match, Delhi Capitals , Rajasthan Royals,Delhi Capitals,67,0,2010
2010-01-04,Kolkata,30th Match, Kolkata Knight Riders , Deccan Chargers,Kolkata Knight Riders,24,0,2010
2010-02-04,Cuttack,31st Match, Kings XI Punjab , Royal Challengers Bangalore,Royal Challengers Bangalore,0,6,2010
2010-03-04,Chennai,32nd Match, Chennai Super Kings , Rajasthan Royals,Chennai Super Kings,23,0,2010
2010-03-04,Mumbai,33rd Match, Mumbai Indians , Deccan Chargers,Mumbai Indians,63,0,2010
2010-04-04,Kolkata,34th Match, Kolkata Knight Riders , Kings XI Punjab,Kings XI Punjab,0,8,2010
2010-04-04,Delhi,35th Match, Delhi Capitals , Royal Challengers Bangalore,Delhi Capitals,37,0,2010
2010-05-04,Nagpur,36th Match, Deccan Chargers , Rajasthan Royals,Rajasthan Royals,2,0,2010
2010-06-04,Chennai,37th Match, Chennai Super Kings , Mumbai Indians,Chennai Super Kings,24,0,2010
2010-07-04,Jaipur,38th Match, Rajasthan Royals , Kings XI Punjab,Rajasthan Royals,0,9,2010
2010-07-04,Kolkata,39th Match, Kolkata Knight Riders , Delhi Capitals,Kolkata Knight Riders,14,0,2010
2010-08-04,"Bengaluru, Bangalore",40th Match, Royal Challengers Bangalore , Deccan Chargers,Deccan Chargers,0,7,2010
2010-09-04,"Mohali, Chandigarh",41st Match, Kings XI Punjab , Mumbai Indians,Kings XI Punjab,0,6,2010
2010-10-04,Nagpur,42nd Match, Deccan Chargers , Chennai Super Kings,Deccan Chargers,0,6,2010
2010-10-04,"Bengaluru, Bangalore",43rd Match, Royal Challengers Bangalore , Kolkata Knight Riders,Royal Challengers Bangalore,0,7,2010
2010-11-04,Delhi,44th Match, Delhi Capitals , Kings XI Punjab,Kings XI Punjab,0,7,2010
2010-11-04,Jaipur,45th Match, Rajasthan Royals , Mumbai Indians,Mumbai Indians,37,0,2010
2010-12-04,Nagpur,46th Match, Deccan Chargers , Royal Challengers Bangalore,Deccan Chargers,13,0,2010
2010-04-13,Mumbai,47th Match, Mumbai Indians , Delhi Capitals,Mumbai Indians,39,0,2010
2010-04-13,Chennai,48th Match, Chennai Super Kings , Kolkata Knight Riders,Chennai Super Kings,0,9,2010
2010-04-14,Jaipur,49th Match, Rajasthan Royals , Royal Challengers Bangalore,Royal Challengers Bangalore,0,5,2010
2010-04-15,Chennai,50th Match, Chennai Super Kings , Delhi Capitals,Delhi Capitals,0,6,2010
2010-04-16,Dharamsala,51st Match, Kings XI Punjab , Deccan Chargers,Deccan Chargers,0,5,2010
2010-04-17,"Bengaluru, Bangalore",52nd Match, Royal Challengers Bangalore , Mumbai Indians,Mumbai Indians,57,0,2010
2010-04-17,Kolkata,53rd Match, Kolkata Knight Riders , Rajasthan Royals,Kolkata Knight Riders,0,8,2010
2010-04-18,Dharamsala,54th Match, Kings XI Punjab , Chennai Super Kings,Chennai Super Kings,0,6,2010
2010-04-18,Delhi,55th Match, Delhi Capitals , Deccan Chargers,Deccan Chargers,11,0,2010
2010-04-19,Kolkata,56th Match, Kolkata Knight Riders , Mumbai Indians,Kolkata Knight Riders,0,9,2010
2010-04-21,Mumbai,1st Semi Final, Royal Challengers Bangalore , Mumbai Indians,Mumbai Indians,35,0,2010
2010-04-22,Mumbai,2nd Semi Final, Chennai Super Kings , Deccan Chargers,Chennai Super Kings,38,0,2010
2010-04-24,Mumbai,Play Off 1st Match , Royal Challengers Bangalore , Deccan Chargers,Royal Challengers Bangalore,0,9,2010
2010-04-25,Mumbai,Final, Chennai Super Kings , Mumbai Indians,Chennai Super Kings,22,0,2010
2009-04-18,Cape Town,1st Match, Chennai Super Kings , Mumbai Indians,Mumbai Indians,19,0,2009
2009-04-18,Cape Town,2nd Match, Royal Challengers Bangalore , Rajasthan Royals,Royal Challengers Bangalore,75,0,2009
2009-04-19,Cape Town,3rd Match, Delhi Capitals , Kings XI Punjab,Delhi Capitals,0,10,2009
2009-04-19,Cape Town,4th Match, Deccan Chargers , Kolkata Knight Riders,Deccan Chargers,0,8,2009
2009-04-20,Port Elizabeth,5th Match, Royal Challengers Bangalore , Chennai Super Kings,Chennai Super Kings,92,0,2009
2009-04-21,Durban,6th Match, Kings XI Punjab , Kolkata Knight Riders,Kolkata Knight Riders,11,0,2009
2009-04-21,Durban,7th Match, Mumbai Indians , Rajasthan Royals,Match abandoned,0,0,2009
2009-04-22,Cape Town,8th Match, Royal Challengers Bangalore , Deccan Chargers,Deccan Chargers,24,0,2009
2009-04-23,Cape Town,10th Match, Kolkata Knight Riders , Rajasthan Royals,Rajasthan Royals,0,0,2009
2009-04-23,Durban,9th Match, Chennai Super Kings , Delhi Capitals,Delhi Capitals,9,0,2009
2009-04-24,Durban,11th Match, Royal Challengers Bangalore , Kings XI Punjab,Kings XI Punjab,0,7,2009
2009-04-25,Durban,12th Match, Deccan Chargers , Mumbai Indians,Deccan Chargers,12,0,2009
2009-04-25,Cape Town,13th Match, Chennai Super Kings , Kolkata Knight Riders,Match abandoned,0,0,2009
2009-04-26,Port Elizabeth,14th Match, Royal Challengers Bangalore , Delhi Capitals,Delhi Capitals,0,6,2009
2009-04-26,Cape Town,15th Match, Kings XI Punjab , Rajasthan Royals,Kings XI Punjab,27,0,2009
2009-04-27,Durban,16th Match, Chennai Super Kings , Deccan Chargers,Deccan Chargers,0,6,2009
2009-04-27,Port Elizabeth,17th Match, Kolkata Knight Riders , Mumbai Indians,Mumbai Indians,92,0,2009
2009-04-28,Centurion,18th Match, Delhi Capitals , Rajasthan Royals,Rajasthan Royals,0,5,2009
2009-04-29,Durban,19th Match, Royal Challengers Bangalore , Kolkata Knight Riders,Royal Challengers Bangalore,0,5,2009
2009-04-29,Durban,20th Match, Kings XI Punjab , Mumbai Indians,Kings XI Punjab,3,0,2009
2009-04-30,Centurion,21st Match, Deccan Chargers , Delhi Capitals,Delhi Capitals,0,6,2009
2009-04-30,East London,22nd Match, Chennai Super Kings , Rajasthan Royals,Chennai Super Kings,38,0,2009
2009-01-05,East London,23rd Match, Kolkata Knight Riders , Mumbai Indians,Mumbai Indians,9,0,2009
2009-01-05,Durban,24th Match, Royal Challengers Bangalore , Kings XI Punjab,Royal Challengers Bangalore,8,0,2009
2009-02-05,Port Elizabeth,25th Match, Deccan Chargers , Rajasthan Royals,Rajasthan Royals,0,3,2009
2009-02-05,Johannesburg,26th Match, Chennai Super Kings , Delhi Capitals,Chennai Super Kings,18,0,2009
2009-03-05,Port Elizabeth,27th Match, Kings XI Punjab , Kolkata Knight Riders,Kings XI Punjab,0,6,2009
2009-03-05,Johannesburg,28th Match, Royal Challengers Bangalore , Mumbai Indians,Royal Challengers Bangalore,0,9,2009
2009-04-05,East London,29th Match, Chennai Super Kings , Deccan Chargers,Chennai Super Kings,78,0,2009
2009-05-05,Durban,30th Match, Kings XI Punjab , Rajasthan Royals,Rajasthan Royals,78,0,2009
2009-05-05,Durban,31st Match, Delhi Capitals , Kolkata Knight Riders,Delhi Capitals,0,9,2009
2009-06-05,Centurion,32nd Match, Deccan Chargers , Mumbai Indians,Deccan Chargers,19,0,2009
2009-07-05,Centurion,33rd Match, Royal Challengers Bangalore , Rajasthan Royals,Rajasthan Royals,0,7,2009
2009-07-05,Centurion,34th Match, Chennai Super Kings , Kings XI Punjab,Chennai Super Kings,12,0,2009
2009-08-05,East London,35th Match, Delhi Capitals , Mumbai Indians,Delhi Capitals,0,7,2009
2009-09-05,Kimberley,36th Match, Deccan Chargers , Kings XI Punjab,Kings XI Punjab,0,3,2009
2009-09-05,Kimberley,37th Match, Chennai Super Kings , Rajasthan Royals,Chennai Super Kings,0,7,2009
2009-10-05,Port Elizabeth,38th Match, Royal Challengers Bangalore , Mumbai Indians,Mumbai Indians,16,0,2009
2009-10-05,Johannesburg,39th Match, Delhi Capitals , Kolkata Knight Riders,Delhi Capitals,0,7,2009
2009-11-05,Kimberley,40th Match, Deccan Chargers , Rajasthan Royals,Deccan Chargers,53,0,2009
2009-12-05,Centurion,41st Match, Royal Challengers Bangalore , Kolkata Knight Riders,Royal Challengers Bangalore,0,6,2009
2009-12-05,Centurion,42nd Match, Kings XI Punjab , Mumbai Indians,Mumbai Indians,0,8,2009
2009-05-13,Durban,43rd Match, Deccan Chargers , Delhi Capitals,Delhi Capitals,12,0,2009
2009-05-14,Durban,44th Match, Royal Challengers Bangalore , Chennai Super Kings,Royal Challengers Bangalore,0,2,2009
2009-05-14,Durban,45th Match, Mumbai Indians , Rajasthan Royals,Rajasthan Royals,2,0,2009
2009-05-15,Bloemfontein,46th Match, Delhi Capitals , Kings XI Punjab,Kings XI Punjab,0,6,2009
2009-05-16,Port Elizabeth,47th Match, Chennai Super Kings , Mumbai Indians,Chennai Super Kings,0,7,2009
2009-05-16,Johannesburg,48th Match, Deccan Chargers , Kolkata Knight Riders,Deccan Chargers,0,6,2009
2009-05-17,Johannesburg,49th Match, Deccan Chargers , Kings XI Punjab,Kings XI Punjab,1,0,2009
2009-05-17,Bloemfontein,50th Match, Delhi Capitals , Rajasthan Royals,Delhi Capitals,14,0,2009
2009-05-18,Centurion,51st Match, Chennai Super Kings , Kolkata Knight Riders,Kolkata Knight Riders,0,7,2009
2009-05-19,Johannesburg,52nd Match, Royal Challengers Bangalore , Delhi Capitals,Royal Challengers Bangalore,0,7,2009
2009-05-20,Durban,53rd Match, Kolkata Knight Riders , Rajasthan Royals,Kolkata Knight Riders,0,4,2009
2009-05-20,Durban,54th Match, Chennai Super Kings , Kings XI Punjab,Chennai Super Kings,24,0,2009
2009-05-21,Centurion,55th Match, Delhi Capitals , Mumbai Indians,Delhi Capitals,0,4,2009
2009-05-21,Centurion,56th Match, Royal Challengers Bangalore , Deccan Chargers,Royal Challengers Bangalore,12,0,2009
2009-05-22,Centurion,1st Semi Final, Delhi Capitals , Deccan Chargers,Deccan Chargers,0,6,2009
2009-05-23,Johannesburg,2nd Semi Final, Royal Challengers Bangalore , Chennai Super Kings,Royal Challengers Bangalore,0,6,2009
2009-05-24,Johannesburg,Final, Royal Challengers Bangalore , Deccan Chargers,Deccan Chargers,6,0,2009
2008-04-18,"Bengaluru, Bangalore",1st Match, Royal Challengers Bangalore , Kolkata Knight Riders,Kolkata Knight Riders,140,0,2008
2008-04-19,"Mohali, Chandigarh",2nd Match, Kings XI Punjab , Chennai Super Kings,Chennai Super Kings,33,0,2008
2008-04-19,Delhi,3rd Match, Delhi Capitals , Rajasthan Royals,Delhi Capitals,0,9,2008
2008-04-20,Kolkata,4th Match, Kolkata Knight Riders , Deccan Chargers,Kolkata Knight Riders,0,5,2008
2008-04-20,Mumbai,5th Match, Mumbai Indians , Royal Challengers Bangalore,Royal Challengers Bangalore,0,5,2008
2008-04-21,Jaipur,6th Match, Rajasthan Royals , Kings XI Punjab,Rajasthan Royals,0,6,2008
2008-04-22,Hyderabad,7th Match, Deccan Chargers , Delhi Capitals,Delhi Capitals,0,9,2008
2008-04-23,Chennai,8th Match, Chennai Super Kings , Mumbai Indians,Chennai Super Kings,6,0,2008
2008-04-24,Hyderabad,9th Match, Deccan Chargers , Rajasthan Royals,Rajasthan Royals,0,3,2008
2008-04-25,"Mohali, Chandigarh",10th Match, Kings XI Punjab , Mumbai Indians,Kings XI Punjab,66,0,2008
2008-04-26,Chennai,11th Match, Chennai Super Kings , Kolkata Knight Riders,Chennai Super Kings,0,9,2008
2008-04-26,"Bengaluru, Bangalore",12th Match, Royal Challengers Bangalore , Rajasthan Royals,Rajasthan Royals,0,7,2008
2008-04-27,"Mohali, Chandigarh",13th Match, Kings XI Punjab , Delhi Capitals,Kings XI Punjab,0,4,2008
2008-04-27,Mumbai,14th Match, Mumbai Indians , Deccan Chargers,Deccan Chargers,0,10,2008
2008-04-28,"Bengaluru, Bangalore",15th Match, Royal Challengers Bangalore , Chennai Super Kings,Chennai Super Kings,13,0,2008
2008-04-29,Kolkata,16th Match, Kolkata Knight Riders , Mumbai Indians,Mumbai Indians,0,7,2008
2008-04-30,Delhi,17th Match, Delhi Capitals , Royal Challengers Bangalore,Delhi Capitals,10,0,2008
2008-01-05,Jaipur,18th Match, Rajasthan Royals , Kolkata Knight Riders,Rajasthan Royals,45,0,2008
2008-01-05,Hyderabad,19th Match, Deccan Chargers , Kings XI Punjab,Kings XI Punjab,0,7,2008
2008-02-05,Chennai,20th Match, Chennai Super Kings , Delhi Capitals,Delhi Capitals,0,8,2008
2008-03-05,"Bengaluru, Bangalore",21st Match, Royal Challengers Bangalore , Deccan Chargers,Royal Challengers Bangalore,3,0,2008
2008-03-05,"Mohali, Chandigarh",22nd Match, Kings XI Punjab , Kolkata Knight Riders,Kings XI Punjab,9,0,2008
2008-04-05,Mumbai,23rd Match, Mumbai Indians , Delhi Capitals,Mumbai Indians,29,0,2008
2008-04-05,Jaipur,24th Match, Rajasthan Royals , Chennai Super Kings,Rajasthan Royals,0,8,2008
2008-05-05,"Bengaluru, Bangalore",25th Match, Royal Challengers Bangalore , Kings XI Punjab,Kings XI Punjab,0,6,2008
2008-06-05,Chennai,26th Match, Chennai Super Kings , Deccan Chargers,Deccan Chargers,0,7,2008
2008-07-05,Mumbai,27th Match, Mumbai Indians , Rajasthan Royals,Mumbai Indians,0,7,2008
2008-08-05,Delhi,28th Match, Delhi Capitals , Chennai Super Kings,Chennai Super Kings,0,4,2008
2008-08-05,Kolkata,29th Match, Kolkata Knight Riders , Royal Challengers Bangalore,Kolkata Knight Riders,5,0,2008
2008-09-05,Jaipur,30th Match, Rajasthan Royals , Deccan Chargers,Rajasthan Royals,0,8,2008
2008-10-05,Chennai,31st Match, Chennai Super Kings , Kings XI Punjab,Chennai Super Kings,18,0,2008
2008-11-05,Hyderabad,32nd Match, Deccan Chargers , Kolkata Knight Riders,Kolkata Knight Riders,23,0,2008
2008-11-05,Jaipur,33rd Match, Rajasthan Royals , Delhi Capitals,Rajasthan Royals,0,3,2008
2008-12-05,"Mohali, Chandigarh",34th Match, Kings XI Punjab , Royal Challengers Bangalore,Kings XI Punjab,0,9,2008
2008-05-13,Kolkata,35th Match, Kolkata Knight Riders , Delhi Capitals,Kolkata Knight Riders,23,0,2008
2008-05-14,Mumbai,36th Match, Mumbai Indians , Chennai Super Kings,Mumbai Indians,0,9,2008
2008-05-15,Delhi,37th Match, Delhi Capitals , Deccan Chargers,Delhi Capitals,12,0,2008
2008-05-16,Mumbai,38th Match, Mumbai Indians , Kolkata Knight Riders,Mumbai Indians,0,8,2008
2008-05-17,Jaipur,39th Match, Rajasthan Royals , Royal Challengers Bangalore,Rajasthan Royals,65,0,2008
2008-05-17,Delhi,40th Match, Delhi Capitals , Kings XI Punjab,Kings XI Punjab,6,0,2008
2008-05-18,Kolkata,41st Match, Kolkata Knight Riders , Chennai Super Kings,Chennai Super Kings,3,0,2008
2008-05-18,Hyderabad,42nd Match, Deccan Chargers , Mumbai Indians,Mumbai Indians,25,0,2008
2008-05-19,"Bengaluru, Bangalore",43rd Match, Royal Challengers Bangalore , Delhi Capitals,Delhi Capitals,0,5,2008
2008-05-20,Kolkata,44th Match, Kolkata Knight Riders , Rajasthan Royals,Rajasthan Royals,0,6,2008
2008-05-21,Mumbai,45th Match, Kings XI Punjab , Mumbai Indians,Kings XI Punjab,1,0,2008
2008-05-21,Chennai,46th Match, Chennai Super Kings , Royal Challengers Bangalore,Royal Challengers Bangalore,14,0,2008
2008-05-22,Delhi,47th Match, Delhi Capitals , Kolkata Knight Riders,Match abandoned,0,0,2008
2008-05-23,"Mohali, Chandigarh",48th Match, Kings XI Punjab , Deccan Chargers,Kings XI Punjab,0,6,2008
2008-05-24,Chennai,49th Match, Chennai Super Kings , Rajasthan Royals,Rajasthan Royals,10,0,2008
2008-05-24,Delhi,50th Match, Delhi Capitals , Mumbai Indians,Delhi Capitals,0,5,2008
2008-05-25,Hyderabad,51st Match, Deccan Chargers , Royal Challengers Bangalore,Royal Challengers Bangalore,0,5,2008
2008-05-25,Kolkata,52nd Match, Kolkata Knight Riders , Kings XI Punjab,Kolkata Knight Riders,0,3,2008
2008-05-26,Jaipur,53rd Match, Rajasthan Royals , Mumbai Indians,Rajasthan Royals,0,5,2008
2008-05-27,Hyderabad,54th Match, Deccan Chargers , Chennai Super Kings,Chennai Super Kings,0,7,2008
2008-05-28,"Bengaluru, Bangalore",55th Match, Royal Challengers Bangalore , Mumbai Indians,Mumbai Indians,0,9,2008
2008-05-28,"Mohali, Chandigarh",56th Match, Kings XI Punjab , Rajasthan Royals,Kings XI Punjab,41,0,2008
2008-05-30,Mumbai,1st Semi Final, Delhi Capitals , Rajasthan Royals,Rajasthan Royals,105,0,2008
2008-05-31,Mumbai,2nd Semi Final, Kings XI Punjab , Chennai Super Kings,Chennai Super Kings,0,9,2008
2008-01-06,Mumbai,Final, Chennai Super Kings , Rajasthan Royals,Rajasthan Royals,0,3,2008
